Workbook

Sheet README
A1: EXCEL LLM - A Complete Transformer Language Model in Excel
A3: OVERVIEW
A4: This workbook implements a complete autoregressive transformer language model.
A5: Every computation is done via Excel formulas - no macros or VBA required.
A7: ARCHITECTURE
A8: • Vocabulary: 30 characters (a-z, space, period, comma, newline)
A9: • Embedding Dimension: 8
A10: • Attention Heads: 2 (head dimension: 4)
A11: • FFN Hidden Dimension: 16
A12: • Context Length: 8 tokens
A13: • Activation: GELU
A14: • Normalization: Layer Norm (pre-norm style)
... A51: • Green background: Intermediate calculations

Sheet Config
A1: CONFIGURATION
A2: Parameter | B2: Value | C2: Description
A3: Vocab_Size | B3: 30 | C3: Number of unique tokens
A4: Embed_Dim | B4: 8 | C4: Embedding dimension
A5: Num_Heads | B5: 2 | C5: Number of attention heads
A6: Head_Dim | B6: 4 | C6: Dimension per attention head
A7: FFN_Hidden | B7: 16 | C7: Feed-forward hidden dimension
A8: Context_Len | B8: 8 | C8: Maximum sequence length
A9: Learning_Rate | B9: 0.01 | C9: Gradient descent step size
A10: Epsilon | B10: 1e-05 | C10: LayerNorm epsilon for stability
A11: Example_ID | B11: 1 | C11: Current training example (1-indexed)
A14: Named Ranges:
A15: Use Config!B3 for Vocab_Size, Config!B11 for Example_ID, etc.

Sheet Vocab
A1: VOCABULARY
A2: ID | B2: Character | C2: Display
A3: 0 | B3: a | C3: a
A4: 1 | B4: b | C4: b
A5: 2 | B5: c | C5: c
A6: 3 | B6: d | C6: d
A7: 4 | B7: e | C7: e
A8: 5 | B8: f | C8: f
A9: 6 | B9: g | C9: g
A10: 7 | B10: h | C10: h
A11: 8 | B11: i | C11: i
A12: 9 | B12: j | C12: j
A13: 10 | B13: k | C13: k
A14: 11 | B14: l | C14: l
... A28: 25 | B28: z | C28: z
A29: 26 | C29: space
A30: 27 | B30: . | C30: .
A31: 28 | B31: , | C31: ,
A32: 29 | B32: \n | C32: newline

Sheet Corpus
A1: TRAINING CORPUS
A3: Raw Text:
A4: the cat sat on the mat. the dog ran in the park. the bird flew over the tree. a cat saw a dog. a dog saw a bird. the cat ran to the tree. the dog sat on the mat. the bird sat in the tree.
A6: Current Example: | D6: =INDEX(D9:D100,Config!$B$11) -> 19 | E6: =INDEX(E9:E100,Config!$B$11) -> 7 | F6: =INDEX(F9:F100,Config!$B$11) -> 4 | G6: =INDEX(G9:G100,Config!$B$11) -> 26 | H6: =INDEX(H9:H100,Config!$B$11) -> 2 | I6: =INDEX(I9:I100,Config!$B$11) -> 0 | J6: =INDEX(J9:J100,Config!$B$11) -> 19 | K6: =INDEX(K9:K100,Config!$B$11) -> 26 | L6: =INDEX(L9:L100,Config!$B$11) -> 18
A7: TRAINING EXAMPLES
A8: Example | B8: Input Text | C8: Target | D8: Tok_0 | E8: Tok_1 | F8: Tok_2 | G8: Tok_3 | H8: Tok_4 | I8: Tok_5 | J8: Tok_6 | K8: Tok_7 | L8: Target_ID
A9: 1 | B9: the cat | C9: s | D9: 19 | E9: 7 | F9: 4 | G9: 26 | H9: 2 | I9: 0 | J9: 19 | K9: 26 | L9: 18
A10: 2 | B10: e cat sa | C10: t | D10: 4 | E10: 26 | F10: 2 | G10: 0 | H10: 19 | I10: 26 | J10: 18 | K10: 0 | L10: 19
A11: 3 | B11: cat sat | C11: o | D11: 2 | E11: 0 | F11: 19 | G11: 26 | H11: 18 | I11: 0 | J11: 19 | K11: 26 | L11: 14
A12: 4 | B12: t sat on | D12: 19 | E12: 26 | F12: 18 | G12: 0 | H12: 19 | I12: 26 | J12: 14 | K12: 13 | L12: 26
A13: 5 | B13: sat on t | C13: h | D13: 18 | E13: 0 | F13: 19 | G13: 26 | H13: 14 | I13: 13 | J13: 26 | K13: 19 | L13: 7
A14: 6 | B14: t on the | D14: 19 | E14: 26 | F14: 14 | G14: 13 | H14: 26 | I14: 19 | J14: 7 | K14: 4 | L14: 26
A15: 7 | B15: on the m | C15: a | D15: 14 | E15: 13 | F15: 26 | G15: 19 | H15: 7 | I15: 4 | J15: 26 | K15: 12 | L15: 0
A16: 8 | B16: the mat | C16: . | D16: 26 | E16: 19 | F16: 7 | G16: 4 | H16: 26 | I16: 12 | J16: 0 | K16: 19 | L16: 27
A17: 9 | B17: he mat.\n | C17: t | D17: 7 | E17: 4 | F17: 26 | G17: 12 | H17: 0 | I17: 19 | J17: 27 | K17: 29 | L17: 19
A18: 10 | B18: mat.\nth | C18: e | D18: 26 | E18: 12 | F18: 0 | G18: 19 | H18: 27 | I18: 29 | J18: 19 | K18: 7 | L18: 4
A19: 11 | B19: at.\nthe | C19: d | D19: 0 | E19: 19 | F19: 27 | G19: 29 | H19: 19 | I19: 7 | J19: 4 | K19: 26 | L19: 3
A20: 12 | B20: .\nthe do | C20: g | D20: 27 | E20: 29 | F20: 19 | G20: 7 | H20: 4 | I20: 26 | J20: 3 | K20: 14 | L20: 6
A21: 13 | B21: the dog | C21: r | D21: 19 | E21: 7 | F21: 4 | G21: 26 | H21: 3 | I21: 14 | J21: 6 | K21: 26 | L21: 17
A22: 14 | B22: e dog ra | C22: n | D22: 4 | E22: 26 | F22: 3 | G22: 14 | H22: 6 | I22: 26 | J22: 17 | K22: 0 | L22: 13
A23: 15 | B23: dog ran | C23: i | D23: 3 | E23: 14 | F23: 6 | G23: 26 | H23: 17 | I23: 0 | J23: 13 | K23: 26 | L23: 8
A24: 16 | B24: g ran in | D24: 6 | E24: 26 | F24: 17 | G24: 0 | H24: 13 | I24: 26 | J24: 8 | K24: 13 | L24: 26
A25: 17 | B25: ran in t | C25: h | D25: 17 | E25: 0 | F25: 13 | G25: 26 | H25: 8 | I25: 13 | J25: 26 | K25: 19 | L25: 7
A26: 18 | B26: n in the | D26: 13 | E26: 26 | F26: 8 | G26: 13 | H26: 26 | I26: 19 | J26: 7 | K26: 4 | L26: 26
A27: 19 | B27: in the p | C27: a | D27: 8 | E27: 13 | F27: 26 | G27: 19 | H27: 7 | I27: 4 | J27: 26 | K27: 15 | L27: 0
A28: 20 | B28: the par | C28: k | D28: 26 | E28: 19 | F28: 7 | G28: 4 | H28: 26 | I28: 15 | J28: 0 | K28: 17 | L28: 10
A29: 21 | B29: he park. | C29: \n | D29: 7 | E29: 4 | F29: 26 | G29: 15 | H29: 0 | I29: 17 | J29: 10 | K29: 27 | L29: 29
A30: 22 | B30: park.\nt | C30: h | D30: 26 | E30: 15 | F30: 0 | G30: 17 | H30: 10 | I30: 27 | J30: 29 | K30: 19 | L30: 7
A31: 23 | B31: ark.\nthe | D31: 0 | E31: 17 | F31: 10 | G31: 27 | H31: 29 | I31: 19 | J31: 7 | K31: 4 | L31: 26
A32: 24 | B32: k.\nthe b | C32: i | D32: 10 | E32: 27 | F32: 29 | G32: 19 | H32: 7 | I32: 4 | J32: 26 | K32: 1 | L32: 8
A33: 25 | B33: \nthe bir | C33: d | D33: 29 | E33: 19 | F33: 7 | G33: 4 | H33: 26 | I33: 1 | J33: 8 | K33: 17 | L33: 3
A34: 26 | B34: he bird | C34: f | D34: 7 | E34: 4 | F34: 26 | G34: 1 | H34: 8 | I34: 17 | J34: 3 | K34: 26 | L34: 5
A35: 27 | B35: bird fl | C35: e | D35: 26 | E35: 1 | F35: 8 | G35: 17 | H35: 3 | I35: 26 | J35: 5 | K35: 11 | L35: 4
A36: 28 | B36: ird flew | D36: 8 | E36: 17 | F36: 3 | G36: 26 | H36: 5 | I36: 11 | J36: 4 | K36: 22 | L36: 26
A37: 29 | B37: d flew o | C37: v | D37: 3 | E37: 26 | F37: 5 | G37: 11 | H37: 4 | I37: 22 | J37: 26 | K37: 14 | L37: 21
A38: 30 | B38: flew ove | C38: r | D38: 5 | E38: 11 | F38: 4 | G38: 22 | H38: 26 | I38: 14 | J38: 21 | K38: 4 | L38: 17
A39: 31 | B39: ew over | C39: t | D39: 4 | E39: 22 | F39: 26 | G39: 14 | H39: 21 | I39: 4 | J39: 17 | K39: 26 | L39: 19
A40: 32 | B40: over th | C40: e | D40: 26 | E40: 14 | F40: 21 | G40: 4 | H40: 17 | I40: 26 | J40: 19 | K40: 7 | L40: 4
A41: 33 | B41: ver the | C41: t | D41: 21 | E41: 4 | F41: 17 | G41: 26 | H41: 19 | I41: 7 | J41: 4 | K41: 26 | L41: 19
A42: 34 | B42: r the tr | C42: e | D42: 17 | E42: 26 | F42: 19 | G42: 7 | H42: 4 | I42: 26 | J42: 19 | K42: 17 | L42: 4
A43: 35 | B43: the tree | C43: . | D43: 19 | E43: 7 | F43: 4 | G43: 26 | H43: 19 | I43: 17 | J43: 4 | K43: 4 | L43: 27
A44: 36 | B44: e tree.\n | C44: a | D44: 4 | E44: 26 | F44: 19 | G44: 17 | H44: 4 | I44: 4 | J44: 27 | K44: 29 | L44: 0
A45: 37 | B45: tree.\na | C45: c | D45: 19 | E45: 17 | F45: 4 | G45: 4 | H45: 27 | I45: 29 | J45: 0 | K45: 26 | L45: 2
A46: 38 | B46: ee.\na ca | C46: t | D46: 4 | E46: 4 | F46: 27 | G46: 29 | H46: 0 | I46: 26 | J46: 2 | K46: 0 | L46: 19
A47: 39 | B47: .\na cat | C47: s | D47: 27 | E47: 29 | F47: 0 | G47: 26 | H47: 2 | I47: 0 | J47: 19 | K47: 26 | L47: 18
A48: 40 | B48: a cat sa | C48: w | D48: 0 | E48: 26 | F48: 2 | G48: 0 | H48: 19 | I48: 26 | J48: 18 | K48: 0 | L48: 22
... A52: 44 | B52: w a dog. | C52: \n | D52: 22 | E52: 26 | F52: 0 | G52: 26 | H52: 3 | I52: 14 | J52: 6 | K52: 27 | L52: 29
A53: 45 | B53: a dog.\na | D53: 0 | E53: 26 | F53: 3 | G53: 14 | H53: 6 | I53: 27 | J53: 29 | K53: 0 | L53: 26
A54: 46 | B54: dog.\na d | C54: o | D54: 3 | E54: 14 | F54: 6 | G54: 27 | H54: 29 | I54: 0 | J54: 26 | K54: 3 | L54: 14
A55: 47 | B55: g.\na dog | D55: 6 | E55: 27 | F55: 29 | G55: 0 | H55: 26 | I55: 3 | J55: 14 | K55: 6 | L55: 26
A56: 48 | B56: \na dog s | C56: a | D56: 29 | E56: 0 | F56: 26 | G56: 3 | H56: 14 | I56: 6 | J56: 26 | K56: 18 | L56: 0
A57: 49 | B57: dog saw | D57: 26 | E57: 3 | F57: 14 | G57: 6 | H57: 26 | I57: 18 | J57: 0 | K57: 22 | L57: 26
A58: 50 | B58: og saw a | D58: 14 | E58: 6 | F58: 26 | G58: 18 | H58: 0 | I58: 22 | J58: 26 | K58: 0 | L58: 26

Sheet Embeddings
A1: TOKEN EMBEDDINGS (Vocab_Size × Embed_Dim) | R1: Key References:
A2: Token_ID | B2: E0 | C2: E1 | D2: E2 | E2: E3 | F2: E4 | G2: E5 | H2: E6 | I2: E7 | R2: LN1_Output_Start_Row: | S2: 90
A3: 0 | B3: 0.0497 | C3: -0.0138 | D3: 0.0648 | E3: 0.1523 | F3: -0.0234 | G3: -0.0234 | H3: 0.1579 | I3: 0.0767 | R3: Combined_Emb_Start_Row: | S3: 63
A4: 1 | B4: -0.0469 | C4: 0.0543 | D4: -0.0463 | E4: -0.0466 | F4: 0.0242 | G4: -0.1913 | H4: -0.1725 | I4: -0.0562
A5: 2 | B5: -0.1013 | C5: 0.0314 | D5: -0.0908 | E5: -0.1412 | F5: 0.1466 | G5: -0.0226 | H5: 0.0068 | I5: -0.1425
A6: 3 | B6: -0.0544 | C6: 0.0111 | D6: -0.1151 | E6: 0.0376 | F6: -0.0601 | G6: -0.0292 | H6: -0.0602 | I6: 0.1852
A7: 4 | B7: -0.0013 | C7: -0.1058 | D7: 0.0823 | E7: -0.1221 | F7: 0.0209 | G7: -0.196 | H7: -0.1328 | I7: 0.0197
A8: 5 | B8: 0.0738 | C8: 0.0171 | D8: -0.0116 | E8: -0.0301 | F8: -0.1479 | G8: -0.072 | H8: -0.0461 | I8: 0.1057
A9: 6 | B9: 0.0344 | C9: -0.1763 | D9: 0.0324 | E9: -0.0385 | F9: -0.0677 | G9: 0.0612 | H9: 0.1031 | I9: 0.0931
A10: 7 | B10: -0.0839 | C10: -0.0309 | D10: 0.0331 | E10: 0.0976 | F10: -0.0479 | G10: -0.0186 | H10: -0.1106 | I10: -0.1196
A11: 8 | B11: 0.0813 | C11: 0.1356 | D11: -0.0072 | E11: 0.1004 | F11: 0.0362 | G11: -0.0645 | H11: 0.0361 | I11: 0.1538
A12: 9 | B12: -0.0036 | C12: 0.1565 | D12: -0.262 | E12: 0.0822 | F12: 0.0087 | G12: -0.0299 | H12: 0.0092 | I12: -0.1988
A13: 10 | B13: -0.022 | C13: 0.0357 | D13: 0.1478 | E13: -0.0518 | F13: -0.0808 | G13: -0.0502 | H13: 0.0915 | I13: 0.0329
A14: 11 | B14: -0.053 | C14: 0.0513 | D14: 0.0097 | E14: 0.0969 | F14: -0.0702 | G14: -0.0328 | H14: -0.0392 | I14: -0.1464
A15: 12 | B15: 0.0296 | C15: 0.0261 | D15: 0.0005 | E15: -0.0235 | F15: -0.1415 | G15: -0.0421 | H15: -0.0343 | I15: -0.0802
... A32: 29 | B32: 0.0046 | C32: -0.0652 | D32: 0.2144 | E32: 0.0634 | F32: -0.2025 | G32: 0.0186 | H32: -0.0662 | I32: 0.0852
A35: POSITIONAL EMBEDDINGS (Context_Len × Embed_Dim)
A36: Position | B36: P0 | C36: P1 | D36: P2 | E36: P3 | F36: P4 | G36: P5 | H36: P6 | I36: P7
A37: 0 | B37: -0.0793 | C37: -0.0115 | D37: 0.0505 | E37: 0.0866 | F37: -0.12 | G37: -0.0335 | H37: -0.0475 | I37: -0.0653
A38: 1 | B38: 0.1765 | C38: 0.0405 | D38: -0.1261 | E38: 0.0918 | F38: 0.2122 | G38: 0.1032 | H38: -0.1519 | I38: -0.0484
A39: 2 | B39: 0.1267 | C39: -0.0708 | D39: 0.0444 | E39: 0.0775 | F39: -0.0927 | G39: -0.006 | H39: -0.3241 | I39: -0.1024
A40: 3 | B40: -0.0253 | C40: -0.1248 | D40: 0.1632 | E40: -0.143 | F40: -0.044 | G40: 0.0131 | H40: 0.1441 | I40: -0.1436
A41: 4 | B41: 0.1163 | C41: 0.001 | D41: -0.0982 | E41: 0.0462 | F41: 0.0199 | G41: -0.06 | H41: 0.007 | I41: -0.0385
A42: 5 | B42: 0.0114 | C42: 0.0662 | D42: 0.1586 | E42: -0.1238 | F42: 0.2133 | G42: -0.1952 | H42: -0.0152 | I42: 0.0588
A43: 6 | B43: 0.0281 | C43: -0.0623 | D43: -0.0208 | E43: -0.0493 | F43: -0.0589 | G43: 0.085 | H43: 0.0357 | I43: -0.0693
A44: 7 | B44: 0.09 | C44: 0.0307 | D44: 0.0813 | E44: 0.063 | F44: -0.0829 | G44: -0.056 | H44: 0.0747 | I44: 0.061
A47: INPUT SEQUENCE EMBEDDINGS
A48: Step 1: Look up token embeddings from input sequence
A49: Position | B49: TE0 | C49: TE1 | D49: TE2 | E49: TE3 | F49: TE4 | G49: TE5 | H49: TE6 | I49: TE7
A50: 0 | B50: =INDEX($B$3:$B$32,Corpus!D$6+1) -> -0.068 | C50: =INDEX($C$3:$C$32,Corpus!D$6+1) -> 0.0232 | D50: =INDEX($D$3:$D$32,Corpus!D$6+1) -> 0.0293 | E50: =INDEX($E$3:$E$32,Corpus!D$6+1) -> -0.0714 | F50: =INDEX($F$3:$F$32,Corpus!D$6+1) -> 0.1866 | G50: =INDEX($G$3:$G$32,Corpus!D$6+1) -> 0.0474 | H50: =INDEX($H$3:$H$32,Corpus!D$6+1) -> -0.1191 | I50: =INDEX($I$3:$I$32,Corpus!D$6+1) -> 0.0657
A51: 1 | B51: =INDEX($B$3:$B$32,Corpus!E$6+1) -> -0.0839 | C51: =INDEX($C$3:$C$32,Corpus!E$6+1) -> -0.0309 | D51: =INDEX($D$3:$D$32,Corpus!E$6+1) -> 0.0331 | E51: =INDEX($E$3:$E$32,Corpus!E$6+1) -> 0.0976 | F51: =INDEX($F$3:$F$32,Corpus!E$6+1) -> -0.0479 | G51: =INDEX($G$3:$G$32,Corpus!E$6+1) -> -0.0186 | H51: =INDEX($H$3:$H$32,Corpus!E$6+1) -> -0.1106 | I51: =INDEX($I$3:$I$32,Corpus!E$6+1) -> -0.1196
A52: 2 | B52: =INDEX($B$3:$B$32,Corpus!F$6+1) -> -0.0013 | C52: =INDEX($C$3:$C$32,Corpus!F$6+1) -> -0.1058 | D52: =INDEX($D$3:$D$32,Corpus!F$6+1) -> 0.0823 | E52: =INDEX($E$3:$E$32,Corpus!F$6+1) -> -0.1221 | F52: =INDEX($F$3:$F$32,Corpus!F$6+1) -> 0.0209 | G52: =INDEX($G$3:$G$32,Corpus!F$6+1) -> -0.196 | H52: =INDEX($H$3:$H$32,Corpus!F$6+1) -> -0.1328 | I52: =INDEX($I$3:$I$32,Corpus!F$6+1) -> 0.0197
A53: 3 | B53: =INDEX($B$3:$B$32,Corpus!G$6+1) -> 0.0515 | C53: =INDEX($C$3:$C$32,Corpus!G$6+1) -> 0.3853 | D53: =INDEX($D$3:$D$32,Corpus!G$6+1) -> 0.0571 | E53: =INDEX($E$3:$E$32,Corpus!G$6+1) -> 0.1136 | F53: =INDEX($F$3:$F$32,Corpus!G$6+1) -> 0.0954 | G53: =INDEX($G$3:$G$32,Corpus!G$6+1) -> 0.0651 | H53: =INDEX($H$3:$H$32,Corpus!G$6+1) -> -0.0315 | I53: =INDEX($I$3:$I$32,Corpus!G$6+1) -> 0.0759
A54: 4 | B54: =INDEX($B$3:$B$32,Corpus!H$6+1) -> -0.1013 | C54: =INDEX($C$3:$C$32,Corpus!H$6+1) -> 0.0314 | D54: =INDEX($D$3:$D$32,Corpus!H$6+1) -> -0.0908 | E54: =INDEX($E$3:$E$32,Corpus!H$6+1) -> -0.1412 | F54: =INDEX($F$3:$F$32,Corpus!H$6+1) -> 0.1466 | G54: =INDEX($G$3:$G$32,Corpus!H$6+1) -> -0.0226 | H54: =INDEX($H$3:$H$32,Corpus!H$6+1) -> 0.0068 | I54: =INDEX($I$3:$I$32,Corpus!H$6+1) -> -0.1425
A55: 5 | B55: =INDEX($B$3:$B$32,Corpus!I$6+1) -> 0.0497 | C55: =INDEX($C$3:$C$32,Corpus!I$6+1) -> -0.0138 | D55: =INDEX($D$3:$D$32,Corpus!I$6+1) -> 0.0648 | E55: =INDEX($E$3:$E$32,Corpus!I$6+1) -> 0.1523 | F55: =INDEX($F$3:$F$32,Corpus!I$6+1) -> -0.0234 | G55: =INDEX($G$3:$G$32,Corpus!I$6+1) -> -0.0234 | H55: =INDEX($H$3:$H$32,Corpus!I$6+1) -> 0.1579 | I55: =INDEX($I$3:$I$32,Corpus!I$6+1) -> 0.0767
A56: 6 | B56: =INDEX($B$3:$B$32,Corpus!J$6+1) -> -0.068 | C56: =INDEX($C$3:$C$32,Corpus!J$6+1) -> 0.0232 | D56: =INDEX($D$3:$D$32,Corpus!J$6+1) -> 0.0293 | E56: =INDEX($E$3:$E$32,Corpus!J$6+1) -> -0.0714 | F56: =INDEX($F$3:$F$32,Corpus!J$6+1) -> 0.1866 | G56: =INDEX($G$3:$G$32,Corpus!J$6+1) -> 0.0474 | H56: =INDEX($H$3:$H$32,Corpus!J$6+1) -> -0.1191 | I56: =INDEX($I$3:$I$32,Corpus!J$6+1) -> 0.0657
A57: 7 | B57: =INDEX($B$3:$B$32,Corpus!K$6+1) -> 0.0515 | C57: =INDEX($C$3:$C$32,Corpus!K$6+1) -> 0.3853 | D57: =INDEX($D$3:$D$32,Corpus!K$6+1) -> 0.0571 | E57: =INDEX($E$3:$E$32,Corpus!K$6+1) -> 0.1136 | F57: =INDEX($F$3:$F$32,Corpus!K$6+1) -> 0.0954 | G57: =INDEX($G$3:$G$32,Corpus!K$6+1) -> 0.0651 | H57: =INDEX($H$3:$H$32,Corpus!K$6+1) -> -0.0315 | I57: =INDEX($I$3:$I$32,Corpus!K$6+1) -> 0.0759
A60: COMBINED EMBEDDINGS (Token + Position)
A61: Step 2: Add positional embeddings
A62: Position | B62: X0 | C62: X1 | D62: X2 | E62: X3 | F62: X4 | G62: X5 | H62: X6 | I62: X7
A63: 0 | B63: =B50+B37 -> -0.1473 | C63: =C50+C37 -> 0.0117 | D63: =D50+D37 -> 0.0798 | E63: =E50+E37 -> 0.0152 | F63: =F50+F37 -> 0.0666 | G63: =G50+G37 -> 0.0139 | H63: =H50+H37 -> -0.1666 | I63: =I50+I37 -> 0.0004
A64: 1 | B64: =B51+B38 -> 0.0926 | C64: =C51+C38 -> 0.0096 | D64: =D51+D38 -> -0.093 | E64: =E51+E38 -> 0.1894 | F64: =F51+F38 -> 0.1643 | G64: =G51+G38 -> 0.0846 | H64: =H51+H38 -> -0.2625 | I64: =I51+I38 -> -0.168
A65: 2 | B65: =B52+B39 -> 0.1254 | C65: =C52+C39 -> -0.1766 | D65: =D52+D39 -> 0.1267 | E65: =E52+E39 -> -0.0446 | F65: =F52+F39 -> -0.0718 | G65: =G52+G39 -> -0.202 | H65: =H52+H39 -> -0.4569 | I65: =I52+I39 -> -0.0827
A66: 3 | B66: =B53+B40 -> 0.0262 | C66: =C53+C40 -> 0.2605 | D66: =D53+D40 -> 0.2203 | E66: =E53+E40 -> -0.0294 | F66: =F53+F40 -> 0.0514 | G66: =G53+G40 -> 0.0782 | H66: =H53+H40 -> 0.1126 | I66: =I53+I40 -> -0.0677
A67: 4 | B67: =B54+B41 -> 0.015 | C67: =C54+C41 -> 0.0324 | D67: =D54+D41 -> -0.189 | E67: =E54+E41 -> -0.095 | F67: =F54+F41 -> 0.1665 | G67: =G54+G41 -> -0.0826 | H67: =H54+H41 -> 0.0138 | I67: =I54+I41 -> -0.181
A68: 5 | B68: =B55+B42 -> 0.0611 | C68: =C55+C42 -> 0.0524 | D68: =D55+D42 -> 0.2234 | E68: =E55+E42 -> 0.0285 | F68: =F55+F42 -> 0.1899 | G68: =G55+G42 -> -0.2186 | H68: =H55+H42 -> 0.1427 | I68: =I55+I42 -> 0.1355
A69: 6 | B69: =B56+B43 -> -0.0399 | C69: =C56+C43 -> -0.0391 | D69: =D56+D43 -> 0.0085 | E69: =E56+E43 -> -0.1207 | F69: =F56+F43 -> 0.1277 | G69: =G56+G43 -> 0.1324 | H69: =H56+H43 -> -0.0834 | I69: =I56+I43 -> -0.0036
A70: 7 | B70: =B57+B44 -> 0.1415 | C70: =C57+C44 -> 0.416 | D70: =D57+D44 -> 0.1384 | E70: =E57+E44 -> 0.1766 | F70: =F57+F44 -> 0.0125 | G70: =G57+G44 -> 0.0091 | H70: =H57+H44 -> 0.0432 | I70: =I57+I44 -> 0.1369
A73: LAYER NORM 1
A74: Gamma (γ): | B74: 1 | C74: 1 | D74: 1 | E74: 1 | F74: 1 | G74: 1 | H74: 1 | I74: 1
A75: Beta (β): | B75: 0 | C75: 0 | D75: 0 | E75: 0 | F75: 0 | G75: 0 | H75: 0 | I75: 0
A77: Position | B77: Mean | C77: Var
A78: 0 | B78: =AVERAGE(B63:I63) -> -0.0157875 | C78: =VARP(B63:I63) -> 0.0073529736
A79: 1 | B79: =AVERAGE(B64:I64) -> 0.002125 | C79: =VARP(B64:I64) -> 0.023054257
A80: 2 | B80: =AVERAGE(B65:I65) -> -0.0978125 | C80: =VARP(B65:I65) -> 0.031246579
A81: 3 | B81: =AVERAGE(B66:I66) -> 0.0815125 | C81: =VARP(B66:I66) -> 0.011351011
A82: 4 | B82: =AVERAGE(B67:I67) -> -0.0399875 | C82: =VARP(B67:I67) -> 0.012590651
A83: 5 | B83: =AVERAGE(B68:I68) -> 0.0768625 | C83: =VARP(B68:I68) -> 0.016563442
A84: 6 | B84: =AVERAGE(B69:I69) -> -0.0022625 | C84: =VARP(B69:I69) -> 0.0073157723
A85: 7 | B85: =AVERAGE(B70:I70) -> 0.134275 | C85: =VARP(B70:I70) -> 0.015003634
A88: LayerNorm Output (for Attention input)
A89: Position | B89: LN1_0 | C89: LN1_1 | D89: LN1_2 | E89: LN1_3 | F89: LN1_4 | G89: LN1_5 | H89: LN1_6 | I89: LN1_7
A90: 0 | B90: =B74*(B63-B78)/SQRT(C78+Config!$B$10)+B75 -> -1.5326409 | C90: =C74*(C63-B78)/SQRT(C78+Config!$B$10)+C75 -> 0.32033812 | D90: =D74*(D63-B78)/SQRT(C78+Config!$B$10)+D75 -> 1.1139725 | E90: =E74*(E63-B78)/SQRT(C78+Config!$B$10)+E75 -> 0.36112697 | F90: =F74*(F63-B78)/SQRT(C78+Config!$B$10)+F75 -> 0.96014031 | G90: =G74*(G63-B78)/SQRT(C78+Config!$B$10)+G75 -> 0.34597682 | H90: =H74*(H63-B78)/SQRT(C78+Config!$B$10)+H75 -> -1.7575623 | I90: =I74*(I63-B78)/SQRT(C78+Config!$B$10)+I75 -> 0.18864841
A91: 1 | B91: =B74*(B64-B79)/SQRT(C79+Config!$B$10)+B75 -> 0.59574288 | C91: =C74*(C64-B79)/SQRT(C79+Config!$B$10)+C75 -> 0.049219984 | D91: =D74*(D64-B79)/SQRT(C79+Config!$B$10)+D75 -> -0.62636133 | E91: =E74*(E64-B79)/SQRT(C79+Config!$B$10)+E75 -> 1.2331334 | F91: =F74*(F64-B79)/SQRT(C79+Config!$B$10)+F75 -> 1.0678596 | G91: =G74*(G64-B79)/SQRT(C79+Config!$B$10)+G75 -> 0.54306597 | H91: =H74*(H64-B79)/SQRT(C79+Config!$B$10)+H75 -> -1.7424533 | I91: =I74*(I64-B79)/SQRT(C79+Config!$B$10)+I75 -> -1.1202073
A92: 2 | B92: =B74*(B65-B80)/SQRT(C80+Config!$B$10)+B75 -> 1.2625477 | C92: =C74*(C65-B80)/SQRT(C80+Config!$B$10)+C75 -> -0.4456425 | D92: =D74*(D65-B80)/SQRT(C80+Config!$B$10)+D75 -> 1.2699008 | E92: =E74*(E65-B80)/SQRT(C80+Config!$B$10)+E75 -> 0.30098368 | F92: =F74*(F65-B80)/SQRT(C80+Config!$B$10)+F75 -> 0.14713344 | G92: =G74*(G65-B80)/SQRT(C80+Config!$B$10)+G75 -> -0.58931148 | H92: =H74*(H65-B80)/SQRT(C80+Config!$B$10)+H75 -> -2.0310919 | I92: =I74*(I65-B80)/SQRT(C80+Config!$B$10)+I75 -> 0.085480213
A93: 3 | B93: =B74*(B66-B81)/SQRT(C81+Config!$B$10)+B75 -> -0.51893719 | C93: =C74*(C66-B81)/SQRT(C81+Config!$B$10)+C75 -> 1.6792456 | D93: =D74*(D66-B81)/SQRT(C81+Config!$B$10)+D75 -> 1.3020926 | E93: =E74*(E66-B81)/SQRT(C81+Config!$B$10)+E75 -> -1.0405717 | F93: =F74*(F66-B81)/SQRT(C81+Config!$B$10)+F75 -> -0.28251292 | G93: =G74*(G66-B81)/SQRT(C81+Config!$B$10)+G75 -> -0.031077594 | H93: =H74*(H66-B81)/SQRT(C81+Config!$B$10)+H75 -> 0.29166029 | I93: =I74*(I66-B81)/SQRT(C81+Config!$B$10)+I75 -> -1.399899
A94: 4 | B94: =B74*(B67-B82)/SQRT(C82+Config!$B$10)+B75 -> 0.48985493 | C94: =C74*(C67-B82)/SQRT(C82+Config!$B$10)+C75 -> 0.64486244 | D94: =D74*(D67-B82)/SQRT(C82+Config!$B$10)+D75 -> -1.3274746 | E94: =E74*(E67-B82)/SQRT(C82+Config!$B$10)+E75 -> -0.49007764 | F94: =F74*(F67-B82)/SQRT(C82+Config!$B$10)+F75 -> 1.8394893 | G94: =G74*(G67-B82)/SQRT(C82+Config!$B$10)+G75 -> -0.37961251 | H94: =H74*(H67-B82)/SQRT(C82+Config!$B$10)+H75 -> 0.47916475 | I94: =I74*(I67-B82)/SQRT(C82+Config!$B$10)+I75 -> -1.2562067
A95: 5 | B95: =B74*(B68-B83)/SQRT(C83+Config!$B$10)+B75 -> -0.12243871 | C95: =C74*(C68-B83)/SQRT(C83+Config!$B$10)+C75 -> -0.19001788 | D95: =D74*(D68-B83)/SQRT(C83+Config!$B$10)+D75 -> 1.1382625 | E95: =E74*(E68-B83)/SQRT(C83+Config!$B$10)+E75 -> -0.37566642 | F95: =F74*(F68-B83)/SQRT(C83+Config!$B$10)+F75 -> 0.8780438 | G95: =G74*(G68-B83)/SQRT(C83+Config!$B$10)+G75 -> -2.2950704 | H95: =H74*(H68-B83)/SQRT(C83+Config!$B$10)+H75 -> 0.51140736 | I95: =I74*(I68-B83)/SQRT(C83+Config!$B$10)+I75 -> 0.45547976
A96: 6 | B96: =B74*(B69-B84)/SQRT(C84+Config!$B$10)+B75 -> -0.43973806 | C96: =C74*(C69-B84)/SQRT(C84+Config!$B$10)+C75 -> -0.43039126 | D96: =D74*(D69-B84)/SQRT(C84+Config!$B$10)+D75 -> 0.12574376 | E96: =E74*(E69-B84)/SQRT(C84+Config!$B$10)+E75 -> -1.3837656 | F96: =F74*(F69-B84)/SQRT(C84+Config!$B$10)+F75 -> 1.518418 | G96: =G74*(G69-B84)/SQRT(C84+Config!$B$10)+G75 -> 1.5733305 | H96: =H74*(H69-B84)/SQRT(C84+Config!$B$10)+H75 -> -0.9479707 | I96: =I74*(I69-B84)/SQRT(C84+Config!$B$10)+I75 -> -0.015626693
A97: 7 | B97: =B74*(B70-B85)/SQRT(C85+Config!$B$10)+B75 -> 0.058965086 | C97: =C74*(C70-B85)/SQRT(C85+Config!$B$10)+C75 -> 2.2992303 | D97: =D74*(D70-B85)/SQRT(C85+Config!$B$10)+D75 -> 0.033665187 | E97: =E74*(E70-B85)/SQRT(C85+Config!$B$10)+E75 -> 0.34542522 | F97: =F74*(F70-B85)/SQRT(C85+Config!$B$10)+F75 -> -0.99383714 | G97: =G74*(G70-B85)/SQRT(C85+Config!$B$10)+G75 -> -1.0215854 | H97: =H74*(H70-B85)/SQRT(C85+Config!$B$10)+H75 -> -0.74328653 | I97: =I74*(I70-B85)/SQRT(C85+Config!$B$10)+I75 -> 0.021423301

Sheet Attention
A1: MULTI-HEAD SELF-ATTENTION | R1: Residual_Row: | S1: 218
A3: W_Q (Query Weights)
B4: 0.0257 | C4: -0.0908 | D4: -0.0379 | E4: -0.0535 | F4: 0.0858 | G4: -0.0413 | H4: 0.0498 | I4: 0.201
B5: 0.1263 | C5: -0.0439 | D5: -0.0346 | E5: 0.0455 | F5: -0.1669 | G5: -0.0862 | H5: 0.0493 | I5: -0.0124
B6: 0.1935 | C6: -0.0618 | D6: -0.1047 | E6: -0.089 | F6: 0.0014 | G6: -0.0161 | H6: 0.223 | I6: -0.0399
B7: 0.0054 | C7: 0.0884 | D7: -0.0108 | E7: 0.0556 | F7: 0.0395 | G7: 0.0837 | H7: -0.1408 | I7: 0.0808
B8: -0.0138 | C8: 0.0187 | D8: -0.0387 | E8: 0.1659 | F8: -0.2047 | G8: 0.1399 | H8: -0.0679 | I8: 0.1529
B9: 0.1221 | C9: 0.1015 | D9: 0.0828 | E9: 0.2266 | F9: -0.0595 | G9: -0.0581 | H9: -0.0656 | I9: 0.0925
B10: -0.1299 | C10: 0.1011 | D10: -0.0288 | E10: -0.1068 | F10: -0.1078 | G10: -0.0797 | H10: -0.1486 | I10: 0.0514
B11: 0.0852 | C11: 0.0959 | D11: -0.0626 | E11: 0.0308 | F11: 0.0005 | G11: 0.0692 | H11: 0.0445 | I11: 0.009
A13: W_K (Key Weights)
B14: -0.1858 | C14: -0.0167 | D14: 0.0111 | E14: -0.0695 | F14: -0.0269 | G14: -0.1299 | H14: -0.0321 | I14: 0.0506
B15: 0.2089 | C15: -0.1013 | D15: -0.0024 | E15: -0.0961 | F15: -0.0093 | G15: -0.0224 | H15: 0.0833 | I15: 0.0974
B16: 0.0163 | C16: -0.0114 | D16: 0.1186 | E16: 0.018 | F16: 0.1516 | G16: -0.1634 | H16: 0.1782 | I16: -0.0618
B17: -0.1086 | C17: -0.0045 | D17: -0.1164 | E17: 0.0569 | F17: -0.0463 | G17: 0.0287 | H17: -0.0977 | I17: -0.0222
B18: 0.0097 | C18: -0.0188 | D18: 0.1592 | E18: 0.0586 | F18: 0.0204 | G18: -0.1857 | H18: 0.0378 | I18: 0.1236
B19: -0.069 | C19: -0.0198 | D19: -0.3026 | E19: -0.1246 | F19: -0.2084 | G19: 0.0104 | H19: -0.015 | I19: -0.0106
B20: -0.0437 | C20: 0.1019 | D20: -0.1233 | E20: -0.0074 | F20: 0.0596 | G20: -0.0179 | H20: -0.0091 | I20: -0.0825
B21: -0.0335 | C21: 0.0718 | D21: -0.2019 | E21: -0.0158 | F21: -0.0584 | G21: -0.007 | H21: 0.1773 | I21: -0.0447
A23: W_V (Value Weights)
B24: 0.1489 | C24: 0.11 | D24: 0.003 | E24: 0.0087 | F24: 0.0181 | G24: -0.0825 | H24: 0.0627 | I24: -0.0613
B25: 0.0036 | C25: -0.2196 | D25: -0.0863 | E25: 0.0535 | F25: -0.1123 | G25: 0.0334 | H25: -0.0507 | I25: 0.099
B26: 0.1258 | C26: 0.0178 | D26: -0.0015 | E26: 0.004 | F26: -0.0021 | G26: 0.1192 | H26: 0.2505 | I26: -0.1333
B27: -0.1028 | C27: 0.1363 | D27: -0.1142 | E27: -0.1372 | F27: 0.2115 | G27: -0.0274 | H27: -0.025 | I27: -0.0509
B28: 0.0581 | C28: -0.1133 | D28: 0.1774 | E28: 0.0753 | F28: -0.0052 | G28: -0.0552 | H28: 0.0108 | I28: 0.1044
B29: 0.2617 | C29: 0.1509 | D29: 0.1013 | E29: 0.0043 | F29: 0.1233 | G29: -0.0346 | H29: 0.0332 | I29: 0.1171
B30: 0.0607 | C30: -0.0665 | D30: -0.1533 | E30: 0.0501 | F30: 0.0135 | G30: 0.093 | H30: 0.0058 | I30: -0.038
B31: 0.1054 | C31: 0.0996 | D31: -0.2109 | E31: -0.1519 | F31: 0.013 | G31: -0.0065 | H31: -0.0187 | I31: 0.0824
A33: W_O (Output Projection)
B34: 0.2015 | C34: -0.1031 | D34: -0.0068 | E34: -0.0025 | F34: 0.0205 | G34: -0.1224 | H34: 0.0467 | I34: 0.0037
B35: 0.2039 | C35: 0.0385 | D35: -0.0701 | E35: -0.1497 | F35: -0.0098 | G35: -0.075 | H35: -0.0424 | I35: 0.0346
B36: 0.0235 | C36: 0.0194 | D36: 0.1392 | E36: 0.0408 | F36: 0.2713 | G36: 0.0161 | H36: -0.0407 | I36: -0.1497
B37: -0.1314 | C37: 0.0907 | D37: 0.0649 | E37: -0.009 | F37: -0.0224 | G37: -0.0888 | H37: -0.0166 | I37: 0.0123
B38: -0.2018 | C38: 0.0725 | D38: -0.2027 | E38: 0.0337 | F38: -0.0045 | G38: 0.0292 | H38: -0.0648 | I38: 0.1693
B39: 0.0718 | C39: 0.0635 | D39: -0.0179 | E39: -0.0075 | F39: 0.0886 | G39: 0.1302 | H39: 0.14 | I39: -0.0046
B40: 0.0057 | C40: 0.0331 | D40: -0.0262 | E40: -0.0709 | F40: 0.0166 | G40: 0.0473 | H40: 0.0524 | I40: -0.0076
B41: -0.0658 | C41: 0.0499 | D41: 0.0401 | E41: -0.0919 | F41: 0.0949 | G41: 0.076 | H41: -0.0042 | I41: -0.1254
A44: Q, K, V PROJECTIONS
A46: Q = X @ W_Q
A47: Pos | B47: Q0 | C47: Q1 | D47: Q2 | E47: Q3 | F47: Q4 | G47: Q5 | H47: Q6 | I47: Q7
A48: 0 | B48: =Embeddings!B$90*$B$4+Embeddings!C$90*$B$5+Embeddings!D$90*$B$6+Embeddings!E$90*$B$7+Embeddings!F$90*$B$8+Embeddings!G$90*$B$9+Embeddings!H$90*$B$10+Embeddings!I$90*$B$11 -> 0.49194762 | C48: =Embeddings!B$90*$C$4+Embeddings!C$90*$C$5+Embeddings!D$90*$C$6+Embeddings!E$90*$C$7+Embeddings!F$90*$C$8+Embeddings!G$90*$C$9+Embeddings!H$90*$C$10+Embeddings!I$90*$C$11 -> -0.018345818 | D48: =Embeddings!B$90*$D$4+Embeddings!C$90*$D$5+Embeddings!D$90*$D$6+Embeddings!E$90*$D$7+Embeddings!F$90*$D$8+Embeddings!G$90*$D$9+Embeddings!H$90*$D$10+Embeddings!I$90*$D$11 -> -0.043231851 | E48: =Embeddings!B$90*$E$4+Embeddings!C$90*$E$5+Embeddings!D$90*$E$6+Embeddings!E$90*$E$7+Embeddings!F$90*$E$8+Embeddings!G$90*$E$9+Embeddings!H$90*$E$10+Embeddings!I$90*$E$11 -> 0.44871042 | F48: =Embeddings!B$90*$F$4+Embeddings!C$90*$F$5+Embeddings!D$90*$F$6+Embeddings!E$90*$F$7+Embeddings!F$90*$F$8+Embeddings!G$90*$F$9+Embeddings!H$90*$F$10+Embeddings!I$90*$F$11 -> -0.19670775 | G48: =Embeddings!B$90*$G$4+Embeddings!C$90*$G$5+Embeddings!D$90*$G$6+Embeddings!E$90*$G$7+Embeddings!F$90*$G$8+Embeddings!G$90*$G$9+Embeddings!H$90*$G$10+Embeddings!I$90*$G$11 -> 0.31533085 | H48: =Embeddings!B$90*$H$4+Embeddings!C$90*$H$5+Embeddings!D$90*$H$6+Embeddings!E$90*$H$7+Embeddings!F$90*$H$8+Embeddings!G$90*$H$9+Embeddings!H$90*$H$10+Embeddings!I$90*$H$11 -> 0.31871535 | I48: =Embeddings!B$90*$I$4+Embeddings!C$90*$I$5+Embeddings!D$90*$I$6+Embeddings!E$90*$I$7+Embeddings!F$90*$I$8+Embeddings!G$90*$I$9+Embeddings!H$90*$I$10+Embeddings!I$90*$I$11 -> -0.23713401
A49: 1 | B49: =Embeddings!B$91*$B$4+Embeddings!C$91*$B$5+Embeddings!D$91*$B$6+Embeddings!E$91*$B$7+Embeddings!F$91*$B$8+Embeddings!G$91*$B$9+Embeddings!H$91*$B$10+Embeddings!I$91*$B$11 -> 0.089459987 | C49: =Embeddings!B$91*$C$4+Embeddings!C$91*$C$5+Embeddings!D$91*$C$6+Embeddings!E$91*$C$7+Embeddings!F$91*$C$8+Embeddings!G$91*$C$9+Embeddings!H$91*$C$10+Embeddings!I$91*$C$11 -> -0.11703582 | D49: =Embeddings!B$91*$D$4+Embeddings!C$91*$D$5+Embeddings!D$91*$D$6+Embeddings!E$91*$D$7+Embeddings!F$91*$D$8+Embeddings!G$91*$D$9+Embeddings!H$91*$D$10+Embeddings!I$91*$D$11 -> 0.15192785 | E49: =Embeddings!B$91*$E$4+Embeddings!C$91*$E$5+Embeddings!D$91*$E$6+Embeddings!E$91*$E$7+Embeddings!F$91*$E$8+Embeddings!G$91*$E$9+Embeddings!H$91*$E$10+Embeddings!I$91*$E$11 -> 0.54648393 | F49: =Embeddings!B$91*$F$4+Embeddings!C$91*$F$5+Embeddings!D$91*$F$6+Embeddings!E$91*$F$7+Embeddings!F$91*$F$8+Embeddings!G$91*$F$9+Embeddings!H$91*$F$10+Embeddings!I$91*$F$11 -> 0.027104852 | G49: =Embeddings!B$91*$G$4+Embeddings!C$91*$G$5+Embeddings!D$91*$G$6+Embeddings!E$91*$G$7+Embeddings!F$91*$G$8+Embeddings!G$91*$G$9+Embeddings!H$91*$G$10+Embeddings!I$91*$G$11 -> 0.26364735 | H49: =Embeddings!B$91*$H$4+Embeddings!C$91*$H$5+Embeddings!D$91*$H$6+Embeddings!E$91*$H$7+Embeddings!F$91*$H$8+Embeddings!G$91*$H$9+Embeddings!H$91*$H$10+Embeddings!I$91*$H$11 -> -0.18026269 | I49: =Embeddings!B$91*$I$4+Embeddings!C$91*$I$5+Embeddings!D$91*$I$6+Embeddings!E$91*$I$7+Embeddings!F$91*$I$8+Embeddings!G$91*$I$9+Embeddings!H$91*$I$10+Embeddings!I$91*$I$11 -> 0.35762837
A50: 2 | B50: =Embeddings!B$92*$B$4+Embeddings!C$92*$B$5+Embeddings!D$92*$B$6+Embeddings!E$92*$B$7+Embeddings!F$92*$B$8+Embeddings!G$92*$B$9+Embeddings!H$92*$B$10+Embeddings!I$92*$B$11 -> 0.42065033 | C50: =Embeddings!B$92*$C$4+Embeddings!C$92*$C$5+Embeddings!D$92*$C$6+Embeddings!E$92*$C$7+Embeddings!F$92*$C$8+Embeddings!G$92*$C$9+Embeddings!H$92*$C$10+Embeddings!I$92*$C$11 -> -0.40115809 | D50: =Embeddings!B$92*$D$4+Embeddings!C$92*$D$5+Embeddings!D$92*$D$6+Embeddings!E$92*$D$7+Embeddings!F$92*$D$8+Embeddings!G$92*$D$9+Embeddings!H$92*$D$10+Embeddings!I$92*$D$11 -> -0.16998524 | E50: =Embeddings!B$92*$E$4+Embeddings!C$92*$E$5+Embeddings!D$92*$E$6+Embeddings!E$92*$E$7+Embeddings!F$92*$E$8+Embeddings!G$92*$E$9+Embeddings!H$92*$E$10+Embeddings!I$92*$E$11 -> -0.073684658 | F50: =Embeddings!B$92*$F$4+Embeddings!C$92*$F$5+Embeddings!D$92*$F$6+Embeddings!E$92*$F$7+Embeddings!F$92*$F$8+Embeddings!G$92*$F$9+Embeddings!H$92*$F$10+Embeddings!I$92*$F$11 -> 0.4203113 | G50: =Embeddings!B$92*$G$4+Embeddings!C$92*$G$5+Embeddings!D$92*$G$6+Embeddings!E$92*$G$7+Embeddings!F$92*$G$8+Embeddings!G$92*$G$9+Embeddings!H$92*$G$10+Embeddings!I$92*$G$11 -> 0.21363431 | H50: =Embeddings!B$92*$H$4+Embeddings!C$92*$H$5+Embeddings!D$92*$H$6+Embeddings!E$92*$H$7+Embeddings!F$92*$H$8+Embeddings!G$92*$H$9+Embeddings!H$92*$H$10+Embeddings!I$92*$H$11 -> 0.61600668 | I50: =Embeddings!B$92*$I$4+Embeddings!C$92*$I$5+Embeddings!D$92*$I$6+Embeddings!E$92*$I$7+Embeddings!F$92*$I$8+Embeddings!G$92*$I$9+Embeddings!H$92*$I$10+Embeddings!I$92*$I$11 -> 0.097305082
A51: 3 | B51: =Embeddings!B$93*$B$4+Embeddings!C$93*$B$5+Embeddings!D$93*$B$6+Embeddings!E$93*$B$7+Embeddings!F$93*$B$8+Embeddings!G$93*$B$9+Embeddings!H$93*$B$10+Embeddings!I$93*$B$11 -> 0.28803389 | C51: =Embeddings!B$93*$C$4+Embeddings!C$93*$C$5+Embeddings!D$93*$C$6+Embeddings!E$93*$C$7+Embeddings!F$93*$C$8+Embeddings!G$93*$C$9+Embeddings!H$93*$C$10+Embeddings!I$93*$C$11 -> -0.31225607 | D51: =Embeddings!B$93*$D$4+Embeddings!C$93*$D$5+Embeddings!D$93*$D$6+Embeddings!E$93*$D$7+Embeddings!F$93*$D$8+Embeddings!G$93*$D$9+Embeddings!H$93*$D$10+Embeddings!I$93*$D$11 -> -0.075931206 | E51: =Embeddings!B$93*$E$4+Embeddings!C$93*$E$5+Embeddings!D$93*$E$6+Embeddings!E$93*$E$7+Embeddings!F$93*$E$8+Embeddings!G$93*$E$9+Embeddings!H$93*$E$10+Embeddings!I$93*$E$11 -> -0.1977505 | F51: =Embeddings!B$93*$F$4+Embeddings!C$93*$F$5+Embeddings!D$93*$F$6+Embeddings!E$93*$F$7+Embeddings!F$93*$F$8+Embeddings!G$93*$F$9+Embeddings!H$93*$F$10+Embeddings!I$93*$F$11 -> -0.33653196 | G51: =Embeddings!B$93*$G$4+Embeddings!C$93*$G$5+Embeddings!D$93*$G$6+Embeddings!E$93*$G$7+Embeddings!F$93*$G$8+Embeddings!G$93*$G$9+Embeddings!H$93*$G$10+Embeddings!I$93*$G$11 -> -0.38921469 | H51: =Embeddings!B$93*$H$4+Embeddings!C$93*$H$5+Embeddings!D$93*$H$6+Embeddings!E$93*$H$7+Embeddings!F$93*$H$8+Embeddings!G$93*$H$9+Embeddings!H$93*$H$10+Embeddings!I$93*$H$11 -> 0.40940796 | I51: =Embeddings!B$93*$I$4+Embeddings!C$93*$I$5+Embeddings!D$93*$I$6+Embeddings!E$93*$I$7+Embeddings!F$93*$I$8+Embeddings!G$93*$I$9+Embeddings!H$93*$I$10+Embeddings!I$93*$I$11 -> -0.30483936
A52: 4 | B52: =Embeddings!B$94*$B$4+Embeddings!C$94*$B$5+Embeddings!D$94*$B$6+Embeddings!E$94*$B$7+Embeddings!F$94*$B$8+Embeddings!G$94*$B$9+Embeddings!H$94*$B$10+Embeddings!I$94*$B$11 -> -0.40648531 | C52: =Embeddings!B$94*$C$4+Embeddings!C$94*$C$5+Embeddings!D$94*$C$6+Embeddings!E$94*$C$7+Embeddings!F$94*$C$8+Embeddings!G$94*$C$9+Embeddings!H$94*$C$10+Embeddings!I$94*$C$11 -> -0.11023211 | D52: =Embeddings!B$94*$D$4+Embeddings!C$94*$D$5+Embeddings!D$94*$D$6+Embeddings!E$94*$D$7+Embeddings!F$94*$D$8+Embeddings!G$94*$D$9+Embeddings!H$94*$D$10+Embeddings!I$94*$D$11 -> 0.065620127 | E52: =Embeddings!B$94*$E$4+Embeddings!C$94*$E$5+Embeddings!D$94*$E$6+Embeddings!E$94*$E$7+Embeddings!F$94*$E$8+Embeddings!G$94*$E$9+Embeddings!H$94*$E$10+Embeddings!I$94*$E$11 -> 0.22331604 | F52: =Embeddings!B$94*$F$4+Embeddings!C$94*$F$5+Embeddings!D$94*$F$6+Embeddings!E$94*$F$7+Embeddings!F$94*$F$8+Embeddings!G$94*$F$9+Embeddings!H$94*$F$10+Embeddings!I$94*$F$11 -> -0.49305311 | G52: =Embeddings!B$94*$G$4+Embeddings!C$94*$G$5+Embeddings!D$94*$G$6+Embeddings!E$94*$G$7+Embeddings!F$94*$G$8+Embeddings!G$94*$G$9+Embeddings!H$94*$G$10+Embeddings!I$94*$G$11 -> 0.058815798 | H52: =Embeddings!B$94*$H$4+Embeddings!C$94*$H$5+Embeddings!D$94*$H$6+Embeddings!E$94*$H$7+Embeddings!F$94*$H$8+Embeddings!G$94*$H$9+Embeddings!H$94*$H$10+Embeddings!I$94*$H$11 -> -0.39794123 | I52: =Embeddings!B$94*$I$4+Embeddings!C$94*$I$5+Embeddings!D$94*$I$6+Embeddings!E$94*$I$7+Embeddings!F$94*$I$8+Embeddings!G$94*$I$9+Embeddings!H$94*$I$10+Embeddings!I$94*$I$11 -> 0.36329948
A53: 5 | B53: =Embeddings!B$95*$B$4+Embeddings!C$95*$B$5+Embeddings!D$95*$B$6+Embeddings!E$95*$B$7+Embeddings!F$95*$B$8+Embeddings!G$95*$B$9+Embeddings!H$95*$B$10+Embeddings!I$95*$B$11 -> -0.12889078 | C53: =Embeddings!B$95*$C$4+Embeddings!C$95*$C$5+Embeddings!D$95*$C$6+Embeddings!E$95*$C$7+Embeddings!F$95*$C$8+Embeddings!G$95*$C$9+Embeddings!H$95*$C$10+Embeddings!I$95*$C$11 -> -0.20524074 | D53: =Embeddings!B$95*$D$4+Embeddings!C$95*$D$5+Embeddings!D$95*$D$6+Embeddings!E$95*$D$7+Embeddings!F$95*$D$8+Embeddings!G$95*$D$9+Embeddings!H$95*$D$10+Embeddings!I$95*$D$11 -> -0.37115752 | E53: =Embeddings!B$95*$E$4+Embeddings!C$95*$E$5+Embeddings!D$95*$E$6+Embeddings!E$95*$E$7+Embeddings!F$95*$E$8+Embeddings!G$95*$E$9+Embeddings!H$95*$E$10+Embeddings!I$95*$E$11 -> -0.53927276 | F53: =Embeddings!B$95*$F$4+Embeddings!C$95*$F$5+Embeddings!D$95*$F$6+Embeddings!E$95*$F$7+Embeddings!F$95*$F$8+Embeddings!G$95*$F$9+Embeddings!H$95*$F$10+Embeddings!I$95*$F$11 -> -0.090117365 | G53: =Embeddings!B$95*$G$4+Embeddings!C$95*$G$5+Embeddings!D$95*$G$6+Embeddings!E$95*$G$7+Embeddings!F$95*$G$8+Embeddings!G$95*$G$9+Embeddings!H$95*$G$10+Embeddings!I$95*$G$11 -> 0.21860891 | H53: =Embeddings!B$95*$H$4+Embeddings!C$95*$H$5+Embeddings!D$95*$H$6+Embeddings!E$95*$H$7+Embeddings!F$95*$H$8+Embeddings!G$95*$H$9+Embeddings!H$95*$H$10+Embeddings!I$95*$H$11 -> 0.32647219 | I53: =Embeddings!B$95*$I$4+Embeddings!C$95*$I$5+Embeddings!D$95*$I$6+Embeddings!E$95*$I$7+Embeddings!F$95*$I$8+Embeddings!G$95*$I$9+Embeddings!H$95*$I$10+Embeddings!I$95*$I$11 -> -0.14567993
A54: 6 | B54: =Embeddings!B$96*$B$4+Embeddings!C$96*$B$5+Embeddings!D$96*$B$6+Embeddings!E$96*$B$7+Embeddings!F$96*$B$8+Embeddings!G$96*$B$9+Embeddings!H$96*$B$10+Embeddings!I$96*$B$11 -> 0.24415889 | C54: =Embeddings!B$96*$C$4+Embeddings!C$96*$C$5+Embeddings!D$96*$C$6+Embeddings!E$96*$C$7+Embeddings!F$96*$C$8+Embeddings!G$96*$C$9+Embeddings!H$96*$C$10+Embeddings!I$96*$C$11 -> 0.019475577 | D54: =Embeddings!B$96*$D$4+Embeddings!C$96*$D$5+Embeddings!D$96*$D$6+Embeddings!E$96*$D$7+Embeddings!F$96*$D$8+Embeddings!G$96*$D$9+Embeddings!H$96*$D$10+Embeddings!I$96*$D$11 -> 0.13312568 | E54: =Embeddings!B$96*$E$4+Embeddings!C$96*$E$5+Embeddings!D$96*$E$6+Embeddings!E$96*$E$7+Embeddings!F$96*$E$8+Embeddings!G$96*$E$9+Embeddings!H$96*$E$10+Embeddings!I$96*$E$11 -> 0.62499883 | F54: =Embeddings!B$96*$F$4+Embeddings!C$96*$F$5+Embeddings!D$96*$F$6+Embeddings!E$96*$F$7+Embeddings!F$96*$F$8+Embeddings!G$96*$F$9+Embeddings!H$96*$F$10+Embeddings!I$96*$F$11 -> -0.32262983 | G54: =Embeddings!B$96*$G$4+Embeddings!C$96*$G$5+Embeddings!D$96*$G$6+Embeddings!E$96*$G$7+Embeddings!F$96*$G$8+Embeddings!G$96*$G$9+Embeddings!H$96*$G$10+Embeddings!I$96*$G$11 -> 0.13290333 | H54: =Embeddings!B$96*$H$4+Embeddings!C$96*$H$5+Embeddings!D$96*$H$6+Embeddings!E$96*$H$7+Embeddings!F$96*$H$8+Embeddings!G$96*$H$9+Embeddings!H$96*$H$10+Embeddings!I$96*$H$11 -> 0.1136198 | I54: =Embeddings!B$96*$I$4+Embeddings!C$96*$I$5+Embeddings!D$96*$I$6+Embeddings!E$96*$I$7+Embeddings!F$96*$I$8+Embeddings!G$96*$I$9+Embeddings!H$96*$I$10+Embeddings!I$96*$I$11 -> 0.12895692
A55: 7 | B55: =Embeddings!B$97*$B$4+Embeddings!C$97*$B$5+Embeddings!D$97*$B$6+Embeddings!E$97*$B$7+Embeddings!F$97*$B$8+Embeddings!G$97*$B$9+Embeddings!H$97*$B$10+Embeddings!I$97*$B$11 -> 0.28764526 | C55: =Embeddings!B$97*$C$4+Embeddings!C$97*$C$5+Embeddings!D$97*$C$6+Embeddings!E$97*$C$7+Embeddings!F$97*$C$8+Embeddings!G$97*$C$9+Embeddings!H$97*$C$10+Embeddings!I$97*$C$11 -> -0.2732026 | D55: =Embeddings!B$97*$D$4+Embeddings!C$97*$D$5+Embeddings!D$97*$D$6+Embeddings!E$97*$D$7+Embeddings!F$97*$D$8+Embeddings!G$97*$D$9+Embeddings!H$97*$D$10+Embeddings!I$97*$D$11 -> -0.1151037 | E55: =Embeddings!B$97*$E$4+Embeddings!C$97*$E$5+Embeddings!D$97*$E$6+Embeddings!E$97*$E$7+Embeddings!F$97*$E$8+Embeddings!G$97*$E$9+Embeddings!H$97*$E$10+Embeddings!I$97*$E$11 -> -0.19865621 | F55: =Embeddings!B$97*$F$4+Embeddings!C$97*$F$5+Embeddings!D$97*$F$6+Embeddings!E$97*$F$7+Embeddings!F$97*$F$8+Embeddings!G$97*$F$9+Embeddings!H$97*$F$10+Embeddings!I$97*$F$11 -> -0.020631108 | G55: =Embeddings!B$97*$G$4+Embeddings!C$97*$G$5+Embeddings!D$97*$G$6+Embeddings!E$97*$G$7+Embeddings!F$97*$G$8+Embeddings!G$97*$G$9+Embeddings!H$97*$G$10+Embeddings!I$97*$G$11 -> -0.1912201 | H55: =Embeddings!B$97*$H$4+Embeddings!C$97*$H$5+Embeddings!D$97*$H$6+Embeddings!E$97*$H$7+Embeddings!F$97*$H$8+Embeddings!G$97*$H$9+Embeddings!H$97*$H$10+Embeddings!I$97*$H$11 -> 0.32106324 | I55: =Embeddings!B$97*$I$4+Embeddings!C$97*$I$5+Embeddings!D$97*$I$6+Embeddings!E$97*$I$7+Embeddings!F$97*$I$8+Embeddings!G$97*$I$9+Embeddings!H$97*$I$10+Embeddings!I$97*$I$11 -> -0.27455782
A58: K = X @ W_K
A59: Pos | B59: K0 | C59: K1 | D59: K2 | E59: K3 | F59: K4 | G59: K5 | H59: K6 | I59: K7
A60: 0 | B60: =Embeddings!B$90*$B$14+Embeddings!C$90*$B$15+Embeddings!D$90*$B$16+Embeddings!E$90*$B$17+Embeddings!F$90*$B$18+Embeddings!G$90*$B$19+Embeddings!H$90*$B$20+Embeddings!I$90*$B$21 -> 0.38654939 | C60: =Embeddings!B$90*$C$14+Embeddings!C$90*$C$15+Embeddings!D$90*$C$16+Embeddings!E$90*$C$17+Embeddings!F$90*$C$18+Embeddings!G$90*$C$19+Embeddings!H$90*$C$20+Embeddings!I$90*$C$21 -> -0.21163112 | D60: =Embeddings!B$90*$D$14+Embeddings!C$90*$D$15+Embeddings!D$90*$D$16+Embeddings!E$90*$D$17+Embeddings!F$90*$D$18+Embeddings!G$90*$D$19+Embeddings!H$90*$D$20+Embeddings!I$90*$D$21 -> 0.2990819 | E60: =Embeddings!B$90*$E$14+Embeddings!C$90*$E$15+Embeddings!D$90*$E$16+Embeddings!E$90*$E$17+Embeddings!F$90*$E$18+Embeddings!G$90*$E$19+Embeddings!H$90*$E$20+Embeddings!I$90*$E$21 -> 0.13951451 | F60: =Embeddings!B$90*$F$14+Embeddings!C$90*$F$15+Embeddings!D$90*$F$16+Embeddings!E$90*$F$17+Embeddings!F$90*$F$18+Embeddings!G$90*$F$19+Embeddings!H$90*$F$20+Embeddings!I$90*$F$21 -> 0.022124468 | G60: =Embeddings!B$90*$G$14+Embeddings!C$90*$G$15+Embeddings!D$90*$G$16+Embeddings!E$90*$G$17+Embeddings!F$90*$G$18+Embeddings!G$90*$G$19+Embeddings!H$90*$G$20+Embeddings!I$90*$G$21 -> -0.12430436 | H60: =Embeddings!B$90*$H$14+Embeddings!C$90*$H$15+Embeddings!D$90*$H$16+Embeddings!E$90*$H$17+Embeddings!F$90*$H$18+Embeddings!G$90*$H$19+Embeddings!H$90*$H$20+Embeddings!I$90*$H$21 -> 0.31965457 | I60: =Embeddings!B$90*$I$14+Embeddings!C$90*$I$15+Embeddings!D$90*$I$16+Embeddings!E$90*$I$17+Embeddings!F$90*$I$18+Embeddings!G$90*$I$19+Embeddings!H$90*$I$20+Embeddings!I$90*$I$21 -> 0.12836107
A61: 1 | B61: =Embeddings!B$91*$B$14+Embeddings!C$91*$B$15+Embeddings!D$91*$B$16+Embeddings!E$91*$B$17+Embeddings!F$91*$B$18+Embeddings!G$91*$B$19+Embeddings!H$91*$B$20+Embeddings!I$91*$B$21 -> -0.15797611 | C61: =Embeddings!B$91*$C$14+Embeddings!C$91*$C$15+Embeddings!D$91*$C$16+Embeddings!E$91*$C$17+Embeddings!F$91*$C$18+Embeddings!G$91*$C$19+Embeddings!H$91*$C$20+Embeddings!I$91*$C$21 -> -0.30215881 | D61: =Embeddings!B$91*$D$14+Embeddings!C$91*$D$15+Embeddings!D$91*$D$16+Embeddings!E$91*$D$17+Embeddings!F$91*$D$18+Embeddings!G$91*$D$19+Embeddings!H$91*$D$20+Embeddings!I$91*$D$21 -> 0.23535727 | E61: =Embeddings!B$91*$E$14+Embeddings!C$91*$E$15+Embeddings!D$91*$E$16+Embeddings!E$91*$E$17+Embeddings!F$91*$E$18+Embeddings!G$91*$E$19+Embeddings!H$91*$E$20+Embeddings!I$91*$E$21 -> 0.038260603 | F61: =Embeddings!B$91*$F$14+Embeddings!C$91*$F$15+Embeddings!D$91*$F$16+Embeddings!E$91*$F$17+Embeddings!F$91*$F$18+Embeddings!G$91*$F$19+Embeddings!H$91*$F$20+Embeddings!I$91*$F$21 -> -0.2983544 | G61: =Embeddings!B$91*$G$14+Embeddings!C$91*$G$15+Embeddings!D$91*$G$16+Embeddings!E$91*$G$17+Embeddings!F$91*$G$18+Embeddings!G$91*$G$19+Embeddings!H$91*$G$20+Embeddings!I$91*$G$21 -> -0.094373442 | H61: =Embeddings!B$91*$H$14+Embeddings!C$91*$H$15+Embeddings!D$91*$H$16+Embeddings!E$91*$H$17+Embeddings!F$91*$H$18+Embeddings!G$91*$H$19+Embeddings!H$91*$H$20+Embeddings!I$91*$H$21 -> -0.39765537 | I61: =Embeddings!B$91*$I$14+Embeddings!C$91*$I$15+Embeddings!D$91*$I$16+Embeddings!E$91*$I$17+Embeddings!F$91*$I$18+Embeddings!G$91*$I$19+Embeddings!H$91*$I$20+Embeddings!I$91*$I$21 -> 0.3663288
A62: 2 | B62: =Embeddings!B$92*$B$14+Embeddings!C$92*$B$15+Embeddings!D$92*$B$16+Embeddings!E$92*$B$17+Embeddings!F$92*$B$18+Embeddings!G$92*$B$19+Embeddings!H$92*$B$20+Embeddings!I$92*$B$21 -> -0.21167871 | C62: =Embeddings!B$92*$C$14+Embeddings!C$92*$C$15+Embeddings!D$92*$C$16+Embeddings!E$92*$C$17+Embeddings!F$92*$C$18+Embeddings!G$92*$C$19+Embeddings!H$92*$C$20+Embeddings!I$92*$C$21 -> -0.18370078 | D62: =Embeddings!B$92*$D$14+Embeddings!C$92*$D$15+Embeddings!D$92*$D$16+Embeddings!E$92*$D$17+Embeddings!F$92*$D$18+Embeddings!G$92*$D$19+Embeddings!H$92*$D$20+Embeddings!I$92*$D$21 -> 0.56558403 | E62: =Embeddings!B$92*$E$14+Embeddings!C$92*$E$15+Embeddings!D$92*$E$16+Embeddings!E$92*$E$17+Embeddings!F$92*$E$18+Embeddings!G$92*$E$19+Embeddings!H$92*$E$20+Embeddings!I$92*$E$21 -> 0.090793087 | F62: =Embeddings!B$92*$F$14+Embeddings!C$92*$F$15+Embeddings!D$92*$F$16+Embeddings!E$92*$F$17+Embeddings!F$92*$F$18+Embeddings!G$92*$F$19+Embeddings!H$92*$F$20+Embeddings!I$92*$F$21 -> 0.14853228 | G62: =Embeddings!B$92*$G$14+Embeddings!C$92*$G$15+Embeddings!D$92*$G$16+Embeddings!E$92*$G$17+Embeddings!F$92*$G$18+Embeddings!G$92*$G$19+Embeddings!H$92*$G$20+Embeddings!I$92*$G$21 -> -0.35057945 | H62: =Embeddings!B$92*$H$14+Embeddings!C$92*$H$15+Embeddings!D$92*$H$16+Embeddings!E$92*$H$17+Embeddings!F$92*$H$18+Embeddings!G$92*$H$19+Embeddings!H$92*$H$20+Embeddings!I$92*$H$21 -> 0.16728032 | I62: =Embeddings!B$92*$I$14+Embeddings!C$92*$I$15+Embeddings!D$92*$I$16+Embeddings!E$92*$I$17+Embeddings!F$92*$I$18+Embeddings!G$92*$I$19+Embeddings!H$92*$I$20+Embeddings!I$92*$I$21 -> 0.12349413
A63: 3 | B63: =Embeddings!B$93*$B$14+Embeddings!C$93*$B$15+Embeddings!D$93*$B$16+Embeddings!E$93*$B$17+Embeddings!F$93*$B$18+Embeddings!G$93*$B$19+Embeddings!H$93*$B$20+Embeddings!I$93*$B$21 -> 0.61499816 | C63: =Embeddings!B$93*$C$14+Embeddings!C$93*$C$15+Embeddings!D$93*$C$16+Embeddings!E$93*$C$17+Embeddings!F$93*$C$18+Embeddings!G$93*$C$19+Embeddings!H$93*$C$20+Embeddings!I$93*$C$21 -> -0.2364686 | D63: =Embeddings!B$93*$D$14+Embeddings!C$93*$D$15+Embeddings!D$93*$D$16+Embeddings!E$93*$D$17+Embeddings!F$93*$D$18+Embeddings!G$93*$D$19+Embeddings!H$93*$D$20+Embeddings!I$93*$D$21 -> 0.47686625 | E63: =Embeddings!B$93*$E$14+Embeddings!C$93*$E$15+Embeddings!D$93*$E$16+Embeddings!E$93*$E$17+Embeddings!F$93*$E$18+Embeddings!G$93*$E$19+Embeddings!H$93*$E$20+Embeddings!I$93*$E$21 -> -0.1538031 | F63: =Embeddings!B$93*$F$14+Embeddings!C$93*$F$15+Embeddings!D$93*$F$16+Embeddings!E$93*$F$17+Embeddings!F$93*$F$18+Embeddings!G$93*$F$19+Embeddings!H$93*$F$20+Embeddings!I$93*$F$21 -> 0.34376849 | G63: =Embeddings!B$93*$G$14+Embeddings!C$93*$G$15+Embeddings!D$93*$G$16+Embeddings!E$93*$G$17+Embeddings!F$93*$G$18+Embeddings!G$93*$G$19+Embeddings!H$93*$G$20+Embeddings!I$93*$G$21 -> -0.15611348 | H63: =Embeddings!B$93*$H$14+Embeddings!C$93*$H$15+Embeddings!D$93*$H$16+Embeddings!E$93*$H$17+Embeddings!F$93*$H$18+Embeddings!G$93*$H$19+Embeddings!H$93*$H$20+Embeddings!I$93*$H$21 -> 0.22916676 | I63: =Embeddings!B$93*$I$14+Embeddings!C$93*$I$15+Embeddings!D$93*$I$16+Embeddings!E$93*$I$17+Embeddings!F$93*$I$18+Embeddings!G$93*$I$19+Embeddings!H$93*$I$20+Embeddings!I$93*$I$21 -> 0.083856005
A64: 4 | B64: =Embeddings!B$94*$B$14+Embeddings!C$94*$B$15+Embeddings!D$94*$B$16+Embeddings!E$94*$B$17+Embeddings!F$94*$B$18+Embeddings!G$94*$B$19+Embeddings!H$94*$B$20+Embeddings!I$94*$B$21 -> 0.14046105 | C64: =Embeddings!B$94*$C$14+Embeddings!C$94*$C$15+Embeddings!D$94*$C$16+Embeddings!E$94*$C$17+Embeddings!F$94*$C$18+Embeddings!G$94*$C$19+Embeddings!H$94*$C$20+Embeddings!I$94*$C$21 -> -0.12460141 | D64: =Embeddings!B$94*$D$14+Embeddings!C$94*$D$15+Embeddings!D$94*$D$16+Embeddings!E$94*$D$17+Embeddings!F$94*$D$18+Embeddings!G$94*$D$19+Embeddings!H$94*$D$20+Embeddings!I$94*$D$21 -> 0.50576085 | E64: =Embeddings!B$94*$E$14+Embeddings!C$94*$E$15+Embeddings!D$94*$E$16+Embeddings!E$94*$E$17+Embeddings!F$94*$E$18+Embeddings!G$94*$E$19+Embeddings!H$94*$E$20+Embeddings!I$94*$E$21 -> 0.023599883 | F64: =Embeddings!B$94*$F$14+Embeddings!C$94*$F$15+Embeddings!D$94*$F$16+Embeddings!E$94*$F$17+Embeddings!F$94*$F$18+Embeddings!G$94*$F$19+Embeddings!H$94*$F$20+Embeddings!I$94*$F$21 -> 0.020828656 | G64: =Embeddings!B$94*$G$14+Embeddings!C$94*$G$15+Embeddings!D$94*$G$16+Embeddings!E$94*$G$17+Embeddings!F$94*$G$18+Embeddings!G$94*$G$19+Embeddings!H$94*$G$20+Embeddings!I$94*$G$21 -> -0.2205577 | H64: =Embeddings!B$94*$H$14+Embeddings!C$94*$H$15+Embeddings!D$94*$H$16+Embeddings!E$94*$H$17+Embeddings!F$94*$H$18+Embeddings!G$94*$H$19+Embeddings!H$94*$H$20+Embeddings!I$94*$H$21 -> -0.30254165 | I64: =Embeddings!B$94*$I$14+Embeddings!C$94*$I$15+Embeddings!D$94*$I$16+Embeddings!E$94*$I$17+Embeddings!F$94*$I$18+Embeddings!G$94*$I$19+Embeddings!H$94*$I$20+Embeddings!I$94*$I$21 -> 0.42852004
A65: 5 | B65: =Embeddings!B$95*$B$14+Embeddings!C$95*$B$15+Embeddings!D$95*$B$16+Embeddings!E$95*$B$17+Embeddings!F$95*$B$18+Embeddings!G$95*$B$19+Embeddings!H$95*$B$20+Embeddings!I$95*$B$21 -> 0.17167524 | C65: =Embeddings!B$95*$C$14+Embeddings!C$95*$C$15+Embeddings!D$95*$C$16+Embeddings!E$95*$C$17+Embeddings!F$95*$C$18+Embeddings!G$95*$C$19+Embeddings!H$95*$C$20+Embeddings!I$95*$C$21 -> 0.12375887 | D65: =Embeddings!B$95*$D$14+Embeddings!C$95*$D$15+Embeddings!D$95*$D$16+Embeddings!E$95*$D$17+Embeddings!F$95*$D$18+Embeddings!G$95*$D$19+Embeddings!H$95*$D$20+Embeddings!I$95*$D$21 -> 0.85707745 | E65: =Embeddings!B$95*$E$14+Embeddings!C$95*$E$15+Embeddings!D$95*$E$16+Embeddings!E$95*$E$17+Embeddings!F$95*$E$18+Embeddings!G$95*$E$19+Embeddings!H$95*$E$20+Embeddings!I$95*$E$21 -> 0.35232165 | F65: =Embeddings!B$95*$F$14+Embeddings!C$95*$F$15+Embeddings!D$95*$F$16+Embeddings!E$95*$F$17+Embeddings!F$95*$F$18+Embeddings!G$95*$F$19+Embeddings!H$95*$F$20+Embeddings!I$95*$F$21 -> 0.69509933 | G65: =Embeddings!B$95*$G$14+Embeddings!C$95*$G$15+Embeddings!D$95*$G$16+Embeddings!E$95*$G$17+Embeddings!F$95*$G$18+Embeddings!G$95*$G$19+Embeddings!H$95*$G$20+Embeddings!I$95*$G$21 -> -0.37587654 | H65: =Embeddings!B$95*$H$14+Embeddings!C$95*$H$15+Embeddings!D$95*$H$16+Embeddings!E$95*$H$17+Embeddings!F$95*$H$18+Embeddings!G$95*$H$19+Embeddings!H$95*$H$20+Embeddings!I$95*$H$21 -> 0.37136164 | I65: =Embeddings!B$95*$I$14+Embeddings!C$95*$I$15+Embeddings!D$95*$I$16+Embeddings!E$95*$I$17+Embeddings!F$95*$I$18+Embeddings!G$95*$I$19+Embeddings!H$95*$I$20+Embeddings!I$95*$I$21 -> -0.016405059
A66: 6 | B66: =Embeddings!B$96*$B$14+Embeddings!C$96*$B$15+Embeddings!D$96*$B$16+Embeddings!E$96*$B$17+Embeddings!F$96*$B$18+Embeddings!G$96*$B$19+Embeddings!H$96*$B$20+Embeddings!I$96*$B$21 -> 0.092239827 | C66: =Embeddings!B$96*$C$14+Embeddings!C$96*$C$15+Embeddings!D$96*$C$16+Embeddings!E$96*$C$17+Embeddings!F$96*$C$18+Embeddings!G$96*$C$19+Embeddings!H$96*$C$20+Embeddings!I$96*$C$21 -> -0.10168269 | D66: =Embeddings!B$96*$D$14+Embeddings!C$96*$D$15+Embeddings!D$96*$D$16+Embeddings!E$96*$D$17+Embeddings!F$96*$D$18+Embeddings!G$96*$D$19+Embeddings!H$96*$D$20+Embeddings!I$96*$D$21 -> 0.057817523 | E66: =Embeddings!B$96*$E$14+Embeddings!C$96*$E$15+Embeddings!D$96*$E$16+Embeddings!E$96*$E$17+Embeddings!F$96*$E$18+Embeddings!G$96*$E$19+Embeddings!H$96*$E$20+Embeddings!I$96*$E$21 -> -0.10434628 | F66: =Embeddings!B$96*$F$14+Embeddings!C$96*$F$15+Embeddings!D$96*$F$16+Embeddings!E$96*$F$17+Embeddings!F$96*$F$18+Embeddings!G$96*$F$19+Embeddings!H$96*$F$20+Embeddings!I$96*$F$21 -> -0.25353011 | G66: =Embeddings!B$96*$G$14+Embeddings!C$96*$G$15+Embeddings!D$96*$G$16+Embeddings!E$96*$G$17+Embeddings!F$96*$G$18+Embeddings!G$96*$G$19+Embeddings!H$96*$G$20+Embeddings!I$96*$G$21 -> -0.24202739 | H66: =Embeddings!B$96*$H$14+Embeddings!C$96*$H$15+Embeddings!D$96*$H$16+Embeddings!E$96*$H$17+Embeddings!F$96*$H$18+Embeddings!G$96*$H$19+Embeddings!H$96*$H$20+Embeddings!I$96*$H$21 -> 0.1755176 | I66: =Embeddings!B$96*$I$14+Embeddings!C$96*$I$15+Embeddings!D$96*$I$16+Embeddings!E$96*$I$17+Embeddings!F$96*$I$18+Embeddings!G$96*$I$19+Embeddings!H$96*$I$20+Embeddings!I$96*$I$21 -> 0.20868304
A67: 7 | B67: =Embeddings!B$97*$B$14+Embeddings!C$97*$B$15+Embeddings!D$97*$B$16+Embeddings!E$97*$B$17+Embeddings!F$97*$B$18+Embeddings!G$97*$B$19+Embeddings!H$97*$B$20+Embeddings!I$97*$B$21 -> 0.52500217 | C67: =Embeddings!B$97*$C$14+Embeddings!C$97*$C$15+Embeddings!D$97*$C$16+Embeddings!E$97*$C$17+Embeddings!F$97*$C$18+Embeddings!G$97*$C$19+Embeddings!H$97*$C$20+Embeddings!I$97*$C$21 -> -0.27112612 | D67: =Embeddings!B$97*$D$14+Embeddings!C$97*$D$15+Embeddings!D$97*$D$16+Embeddings!E$97*$D$17+Embeddings!F$97*$D$18+Embeddings!G$97*$D$19+Embeddings!H$97*$D$20+Embeddings!I$97*$D$21 -> 0.19715629 | E67: =Embeddings!B$97*$E$14+Embeddings!C$97*$E$15+Embeddings!D$97*$E$16+Embeddings!E$97*$E$17+Embeddings!F$97*$E$18+Embeddings!G$97*$E$19+Embeddings!H$97*$E$20+Embeddings!I$97*$E$21 -> -0.13058092 | F67: =Embeddings!B$97*$F$14+Embeddings!C$97*$F$15+Embeddings!D$97*$F$16+Embeddings!E$97*$F$17+Embeddings!F$97*$F$18+Embeddings!G$97*$F$19+Embeddings!H$97*$F$20+Embeddings!I$97*$F$21 -> 0.11321458 | G67: =Embeddings!B$97*$G$14+Embeddings!C$97*$G$15+Embeddings!D$97*$G$16+Embeddings!E$97*$G$17+Embeddings!F$97*$G$18+Embeddings!G$97*$G$19+Embeddings!H$97*$G$20+Embeddings!I$97*$G$21 -> 0.13233642 | H67: =Embeddings!B$97*$H$14+Embeddings!C$97*$H$15+Embeddings!D$97*$H$16+Embeddings!E$97*$H$17+Embeddings!F$97*$H$18+Embeddings!G$97*$H$19+Embeddings!H$97*$H$20+Embeddings!I$97*$H$21 -> 0.15020319 | I67: =Embeddings!B$97*$I$14+Embeddings!C$97*$I$15+Embeddings!D$97*$I$16+Embeddings!E$97*$I$17+Embeddings!F$97*$I$18+Embeddings!G$97*$I$19+Embeddings!H$97*$I$20+Embeddings!I$97*$I$21 -> 0.16553377
A69: V = X @ W_V
A70: Pos | B70: V0 | C70: V1 | D70: V2 | E70: V3 | F70: V4 | G70: V5 | H70: V6 | I70: V7
A71: 0 | B71: =Embeddings!B$90*$B$24+Embeddings!C$90*$B$25+Embeddings!D$90*$B$26+Embeddings!E$90*$B$27+Embeddings!F$90*$B$28+Embeddings!G$90*$B$29+Embeddings!H$90*$B$30+Embeddings!I$90*$B$31 -> -0.064517321 | C71: =Embeddings!B$90*$C$24+Embeddings!C$90*$C$25+Embeddings!D$90*$C$26+Embeddings!E$90*$C$27+Embeddings!F$90*$C$28+Embeddings!G$90*$C$29+Embeddings!H$90*$C$30+Embeddings!I$90*$C$31 -> -0.090795156 | D71: =Embeddings!B$90*$D$24+Embeddings!C$90*$D$25+Embeddings!D$90*$D$26+Embeddings!E$90*$D$27+Embeddings!F$90*$D$28+Embeddings!G$90*$D$29+Embeddings!H$90*$D$30+Embeddings!I$90*$D$31 -> 0.35986993 | E71: =Embeddings!B$90*$E$24+Embeddings!C$90*$E$25+Embeddings!D$90*$E$26+Embeddings!E$90*$E$27+Embeddings!F$90*$E$28+Embeddings!G$90*$E$29+Embeddings!H$90*$E$30+Embeddings!I$90*$E$31 -> -0.084209914 | F71: =Embeddings!B$90*$F$24+Embeddings!C$90*$F$25+Embeddings!D$90*$F$26+Embeddings!E$90*$F$27+Embeddings!F$90*$F$28+Embeddings!G$90*$F$29+Embeddings!H$90*$F$30+Embeddings!I$90*$F$31 -> 0.026715791 | G71: =Embeddings!B$90*$G$24+Embeddings!C$90*$G$25+Embeddings!D$90*$G$26+Embeddings!E$90*$G$27+Embeddings!F$90*$G$28+Embeddings!G$90*$G$29+Embeddings!H$90*$G$30+Embeddings!I$90*$G$31 -> 0.030382767 | H71: =Embeddings!B$90*$H$24+Embeddings!C$90*$H$25+Embeddings!D$90*$H$26+Embeddings!E$90*$H$27+Embeddings!F$90*$H$28+Embeddings!G$90*$H$29+Embeddings!H$90*$H$30+Embeddings!I$90*$H$31 -> 0.16581858 | I71: =Embeddings!B$90*$I$24+Embeddings!C$90*$I$25+Embeddings!D$90*$I$26+Embeddings!E$90*$I$27+Embeddings!F$90*$I$28+Embeddings!G$90*$I$29+Embeddings!H$90*$I$30+Embeddings!I$90*$I$31 -> 0.18187499
A72: 1 | B72: =Embeddings!B$91*$B$24+Embeddings!C$91*$B$25+Embeddings!D$91*$B$26+Embeddings!E$91*$B$27+Embeddings!F$91*$B$28+Embeddings!G$91*$B$29+Embeddings!H$91*$B$30+Embeddings!I$91*$B$31 -> -0.13635282 | C72: =Embeddings!B$91*$C$24+Embeddings!C$91*$C$25+Embeddings!D$91*$C$26+Embeddings!E$91*$C$27+Embeddings!F$91*$C$28+Embeddings!G$91*$C$29+Embeddings!H$91*$C$30+Embeddings!I$91*$C$31 -> 0.17691051 | D72: =Embeddings!B$91*$D$24+Embeddings!C$91*$D$25+Embeddings!D$91*$D$26+Embeddings!E$91*$D$27+Embeddings!F$91*$D$28+Embeddings!G$91*$D$29+Embeddings!H$91*$D$30+Embeddings!I$91*$D$31 -> 0.60547594 | E72: =Embeddings!B$91*$E$24+Embeddings!C$91*$E$25+Embeddings!D$91*$E$26+Embeddings!E$91*$E$27+Embeddings!F$91*$E$28+Embeddings!G$91*$E$29+Embeddings!H$91*$E$30+Embeddings!I$91*$E$31 -> 0.0017324776 | F72: =Embeddings!B$91*$F$24+Embeddings!C$91*$F$25+Embeddings!D$91*$F$26+Embeddings!E$91*$F$27+Embeddings!F$91*$F$28+Embeddings!G$91*$F$29+Embeddings!H$91*$F$30+Embeddings!I$91*$F$31 -> 0.29069997 | G72: =Embeddings!B$91*$G$24+Embeddings!C$91*$G$25+Embeddings!D$91*$G$26+Embeddings!E$91*$G$27+Embeddings!F$91*$G$28+Embeddings!G$91*$G$29+Embeddings!H$91*$G$30+Embeddings!I$91*$G$31 -> -0.38845771 | H72: =Embeddings!B$91*$H$24+Embeddings!C$91*$H$25+Embeddings!D$91*$H$26+Embeddings!E$91*$H$27+Embeddings!F$91*$H$28+Embeddings!G$91*$H$29+Embeddings!H$91*$H$30+Embeddings!I$91*$H$31 -> -0.1124699 | I72: =Embeddings!B$91*$I$24+Embeddings!C$91*$I$25+Embeddings!D$91*$I$26+Embeddings!E$91*$I$27+Embeddings!F$91*$I$28+Embeddings!G$91*$I$29+Embeddings!H$91*$I$30+Embeddings!I$91*$I$31 -> 0.13806693
A73: 2 | B73: =Embeddings!B$92*$B$24+Embeddings!C$92*$B$25+Embeddings!D$92*$B$26+Embeddings!E$92*$B$27+Embeddings!F$92*$B$28+Embeddings!G$92*$B$29+Embeddings!H$92*$B$30+Embeddings!I$92*$B$31 -> 0.055249418 | C73: =Embeddings!B$92*$C$24+Embeddings!C$92*$C$25+Embeddings!D$92*$C$26+Embeddings!E$92*$C$27+Embeddings!F$92*$C$28+Embeddings!G$92*$C$29+Embeddings!H$92*$C$30+Embeddings!I$92*$C$31 -> 0.33835577 | D73: =Embeddings!B$92*$D$24+Embeddings!C$92*$D$25+Embeddings!D$92*$D$26+Embeddings!E$92*$D$27+Embeddings!F$92*$D$28+Embeddings!G$92*$D$29+Embeddings!H$92*$D$30+Embeddings!I$92*$D$31 -> 0.26571223 | E73: =Embeddings!B$92*$E$24+Embeddings!C$92*$E$25+Embeddings!D$92*$E$26+Embeddings!E$92*$E$27+Embeddings!F$92*$E$28+Embeddings!G$92*$E$29+Embeddings!H$92*$E$30+Embeddings!I$92*$E$31 -> -0.1552701 | F73: =Embeddings!B$92*$F$24+Embeddings!C$92*$F$25+Embeddings!D$92*$F$26+Embeddings!E$92*$F$27+Embeddings!F$92*$F$28+Embeddings!G$92*$F$29+Embeddings!H$92*$F$30+Embeddings!I$92*$F$31 -> 0.034153326 | G73: =Embeddings!B$92*$G$24+Embeddings!C$92*$G$25+Embeddings!D$92*$G$26+Embeddings!E$92*$G$27+Embeddings!F$92*$G$28+Embeddings!G$92*$G$29+Embeddings!H$92*$G$30+Embeddings!I$92*$G$31 -> -0.15309817 | H73: =Embeddings!B$92*$H$24+Embeddings!C$92*$H$25+Embeddings!D$92*$H$26+Embeddings!E$92*$H$27+Embeddings!F$92*$H$28+Embeddings!G$92*$H$29+Embeddings!H$92*$H$30+Embeddings!I$92*$H$31 -> 0.38098647 | I73: =Embeddings!B$92*$I$24+Embeddings!C$92*$I$25+Embeddings!D$92*$I$26+Embeddings!E$92*$I$27+Embeddings!F$92*$I$28+Embeddings!G$92*$I$29+Embeddings!H$92*$I$30+Embeddings!I$92*$I$31 -> -0.27553321
A74: 3 | B74: =Embeddings!B$93*$B$24+Embeddings!C$93*$B$25+Embeddings!D$93*$B$26+Embeddings!E$93*$B$27+Embeddings!F$93*$B$28+Embeddings!G$93*$B$29+Embeddings!H$93*$B$30+Embeddings!I$93*$B$31 -> 0.045156964 | C74: =Embeddings!B$93*$C$24+Embeddings!C$93*$C$25+Embeddings!D$93*$C$26+Embeddings!E$93*$C$27+Embeddings!F$93*$C$28+Embeddings!G$93*$C$29+Embeddings!H$93*$C$30+Embeddings!I$93*$C$31 -> -0.67600434 | D74: =Embeddings!B$93*$D$24+Embeddings!C$93*$D$25+Embeddings!D$93*$D$26+Embeddings!E$93*$D$27+Embeddings!F$93*$D$28+Embeddings!G$93*$D$29+Embeddings!H$93*$D$30+Embeddings!I$93*$D$31 -> 0.16766567 | E74: =Embeddings!B$93*$E$24+Embeddings!C$93*$E$25+Embeddings!D$93*$E$26+Embeddings!E$93*$E$27+Embeddings!F$93*$E$28+Embeddings!G$93*$E$29+Embeddings!H$93*$E$30+Embeddings!I$93*$E$31 -> 0.43914968 | F74: =Embeddings!B$93*$F$24+Embeddings!C$93*$F$25+Embeddings!D$93*$F$26+Embeddings!E$93*$F$27+Embeddings!F$93*$F$28+Embeddings!G$93*$F$29+Embeddings!H$93*$F$30+Embeddings!I$93*$F$31 -> -0.43741142 | G74: =Embeddings!B$93*$G$24+Embeddings!C$93*$G$25+Embeddings!D$93*$G$26+Embeddings!E$93*$G$27+Embeddings!F$93*$G$28+Embeddings!G$93*$G$29+Embeddings!H$93*$G$30+Embeddings!I$93*$G$31 -> 0.33551397 | H74: =Embeddings!B$93*$H$24+Embeddings!C$93*$H$25+Embeddings!D$93*$H$26+Embeddings!E$93*$H$27+Embeddings!F$93*$H$28+Embeddings!G$93*$H$29+Embeddings!H$93*$H$30+Embeddings!I$93*$H$31 -> 0.25830019 | I74: =Embeddings!B$93*$I$24+Embeddings!C$93*$I$25+Embeddings!D$93*$I$26+Embeddings!E$93*$I$27+Embeddings!F$93*$I$28+Embeddings!G$93*$I$29+Embeddings!H$93*$I$30+Embeddings!I$93*$I$31 -> -0.082115988
A75: 4 | B75: =Embeddings!B$94*$B$24+Embeddings!C$94*$B$25+Embeddings!D$94*$B$26+Embeddings!E$94*$B$27+Embeddings!F$94*$B$28+Embeddings!G$94*$B$29+Embeddings!H$94*$B$30+Embeddings!I$94*$B$31 -> -0.13714457 | C75: =Embeddings!B$94*$C$24+Embeddings!C$94*$C$25+Embeddings!D$94*$C$26+Embeddings!E$94*$C$27+Embeddings!F$94*$C$28+Embeddings!G$94*$C$29+Embeddings!H$94*$C$30+Embeddings!I$94*$C$31 -> -0.6008347 | D75: =Embeddings!B$94*$D$24+Embeddings!C$94*$D$25+Embeddings!D$94*$D$26+Embeddings!E$94*$D$27+Embeddings!F$94*$D$28+Embeddings!G$94*$D$29+Embeddings!H$94*$D$30+Embeddings!I$94*$D$31 -> 0.48312472 | E75: =Embeddings!B$94*$E$24+Embeddings!C$94*$E$25+Embeddings!D$94*$E$26+Embeddings!E$94*$E$27+Embeddings!F$94*$E$28+Embeddings!G$94*$E$29+Embeddings!H$94*$E$30+Embeddings!I$94*$E$31 -> 0.4523958 | F75: =Embeddings!B$94*$F$24+Embeddings!C$94*$F$25+Embeddings!D$94*$F$26+Embeddings!E$94*$F$27+Embeddings!F$94*$F$28+Embeddings!G$94*$F$29+Embeddings!H$94*$F$30+Embeddings!I$94*$F$31 -> -0.23064893 | G75: =Embeddings!B$94*$G$24+Embeddings!C$94*$G$25+Embeddings!D$94*$G$26+Embeddings!E$94*$G$27+Embeddings!F$94*$G$28+Embeddings!G$94*$G$29+Embeddings!H$94*$G$30+Embeddings!I$94*$G$31 -> -0.19935902 | H75: =Embeddings!B$94*$H$24+Embeddings!C$94*$H$25+Embeddings!D$94*$H$26+Embeddings!E$94*$H$27+Embeddings!F$94*$H$28+Embeddings!G$94*$H$29+Embeddings!H$94*$H$30+Embeddings!I$94*$H$31 -> -0.28872749 | I75: =Embeddings!B$94*$I$24+Embeddings!C$94*$I$25+Embeddings!D$94*$I$26+Embeddings!E$94*$I$27+Embeddings!F$94*$I$28+Embeddings!G$94*$I$29+Embeddings!H$94*$I$30+Embeddings!I$94*$I$31 -> 0.26158095
A76: 5 | B76: =Embeddings!B$95*$B$24+Embeddings!C$95*$B$25+Embeddings!D$95*$B$26+Embeddings!E$95*$B$27+Embeddings!F$95*$B$28+Embeddings!G$95*$B$29+Embeddings!H$95*$B$30+Embeddings!I$95*$B$31 -> -0.30765884 | C76: =Embeddings!B$95*$C$24+Embeddings!C$95*$C$25+Embeddings!D$95*$C$26+Embeddings!E$95*$C$27+Embeddings!F$95*$C$28+Embeddings!G$95*$C$29+Embeddings!H$95*$C$30+Embeddings!I$95*$C$31 -> -0.43713388 | D76: =Embeddings!B$95*$D$24+Embeddings!C$95*$D$25+Embeddings!D$95*$D$26+Embeddings!E$95*$D$27+Embeddings!F$95*$D$28+Embeddings!G$95*$D$29+Embeddings!H$95*$D$30+Embeddings!I$95*$D$31 -> -0.19396015 | E76: =Embeddings!B$95*$E$24+Embeddings!C$95*$E$25+Embeddings!D$95*$E$26+Embeddings!E$95*$E$27+Embeddings!F$95*$E$28+Embeddings!G$95*$E$29+Embeddings!H$95*$E$30+Embeddings!I$95*$E$31 -> 0.057545338 | F76: =Embeddings!B$95*$F$24+Embeddings!C$95*$F$25+Embeddings!D$95*$F$26+Embeddings!E$95*$F$27+Embeddings!F$95*$F$28+Embeddings!G$95*$F$29+Embeddings!H$95*$F$30+Embeddings!I$95*$F$31 -> -0.3374437 | G76: =Embeddings!B$95*$G$24+Embeddings!C$95*$G$25+Embeddings!D$95*$G$26+Embeddings!E$95*$G$27+Embeddings!F$95*$G$28+Embeddings!G$95*$G$29+Embeddings!H$95*$G$30+Embeddings!I$95*$G$31 -> 0.22527043 | H76: =Embeddings!B$95*$H$24+Embeddings!C$95*$H$25+Embeddings!D$95*$H$26+Embeddings!E$95*$H$27+Embeddings!F$95*$H$28+Embeddings!G$95*$H$29+Embeddings!H$95*$H$30+Embeddings!I$95*$H$31 -> 0.22421864 | I76: =Embeddings!B$95*$I$24+Embeddings!C$95*$I$25+Embeddings!D$95*$I$26+Embeddings!E$95*$I$27+Embeddings!F$95*$I$28+Embeddings!G$95*$I$29+Embeddings!H$95*$I$30+Embeddings!I$95*$I$31 -> -0.30290216
A77: 6 | B77: =Embeddings!B$96*$B$24+Embeddings!C$96*$B$25+Embeddings!D$96*$B$26+Embeddings!E$96*$B$27+Embeddings!F$96*$B$28+Embeddings!G$96*$B$29+Embeddings!H$96*$B$30+Embeddings!I$96*$B$31 -> 0.53181507 | C77: =Embeddings!B$96*$C$24+Embeddings!C$96*$C$25+Embeddings!D$96*$C$26+Embeddings!E$96*$C$27+Embeddings!F$96*$C$28+Embeddings!G$96*$C$29+Embeddings!H$96*$C$30+Embeddings!I$96*$C$31 -> -0.013363831 | D77: =Embeddings!B$96*$D$24+Embeddings!C$96*$D$25+Embeddings!D$96*$D$26+Embeddings!E$96*$D$27+Embeddings!F$96*$D$28+Embeddings!G$96*$D$29+Embeddings!H$96*$D$30+Embeddings!I$96*$D$31 -> 0.77102628 | E77: =Embeddings!B$96*$E$24+Embeddings!C$96*$E$25+Embeddings!D$96*$E$26+Embeddings!E$96*$E$27+Embeddings!F$96*$E$28+Embeddings!G$96*$E$29+Embeddings!H$96*$E$30+Embeddings!I$96*$E$31 -> 0.23948652 | F77: =Embeddings!B$96*$F$24+Embeddings!C$96*$F$25+Embeddings!D$96*$F$26+Embeddings!E$96*$F$27+Embeddings!F$96*$F$28+Embeddings!G$96*$F$29+Embeddings!H$96*$F$30+Embeddings!I$96*$F$31 -> -0.079461676 | G77: =Embeddings!B$96*$G$24+Embeddings!C$96*$G$25+Embeddings!D$96*$G$26+Embeddings!E$96*$G$27+Embeddings!F$96*$G$28+Embeddings!G$96*$G$29+Embeddings!H$96*$G$30+Embeddings!I$96*$G$31 -> -0.15150646 | H77: =Embeddings!B$96*$H$24+Embeddings!C$96*$H$25+Embeddings!D$96*$H$26+Embeddings!E$96*$H$27+Embeddings!F$96*$H$28+Embeddings!G$96*$H$29+Embeddings!H$96*$H$30+Embeddings!I$96*$H$31 -> 0.12376969 | I77: =Embeddings!B$96*$I$24+Embeddings!C$96*$I$25+Embeddings!D$96*$I$26+Embeddings!E$96*$I$27+Embeddings!F$96*$I$28+Embeddings!G$96*$I$29+Embeddings!H$96*$I$30+Embeddings!I$96*$I$31 -> 0.41551432
A78: 7 | B78: =Embeddings!B$97*$B$24+Embeddings!C$97*$B$25+Embeddings!D$97*$B$26+Embeddings!E$97*$B$27+Embeddings!F$97*$B$28+Embeddings!G$97*$B$29+Embeddings!H$97*$B$30+Embeddings!I$97*$B$31 -> -0.38216782 | C78: =Embeddings!B$97*$C$24+Embeddings!C$97*$C$25+Embeddings!D$97*$C$26+Embeddings!E$97*$C$27+Embeddings!F$97*$C$28+Embeddings!G$97*$C$29+Embeddings!H$97*$C$30+Embeddings!I$97*$C$31 -> -0.44073729 | D78: =Embeddings!B$97*$D$24+Embeddings!C$97*$D$25+Embeddings!D$97*$D$26+Embeddings!E$97*$D$27+Embeddings!F$97*$D$28+Embeddings!G$97*$D$29+Embeddings!H$97*$D$30+Embeddings!I$97*$D$31 -> -0.4081104 | E78: =Embeddings!B$97*$E$24+Embeddings!C$97*$E$25+Embeddings!D$97*$E$26+Embeddings!E$97*$E$27+Embeddings!F$97*$E$28+Embeddings!G$97*$E$29+Embeddings!H$97*$E$30+Embeddings!I$97*$E$31 -> -0.043457472 | F78: =Embeddings!B$97*$F$24+Embeddings!C$97*$F$25+Embeddings!D$97*$F$26+Embeddings!E$97*$F$27+Embeddings!F$97*$F$28+Embeddings!G$97*$F$29+Embeddings!H$97*$F$30+Embeddings!I$97*$F$31 -> -0.31469895 | G78: =Embeddings!B$97*$G$24+Embeddings!C$97*$G$25+Embeddings!D$97*$G$26+Embeddings!E$97*$G$27+Embeddings!F$97*$G$28+Embeddings!G$97*$G$29+Embeddings!H$97*$G$30+Embeddings!I$97*$G$31 -> 0.087419677 | H78: =Embeddings!B$97*$H$24+Embeddings!C$97*$H$25+Embeddings!D$97*$H$26+Embeddings!E$97*$H$27+Embeddings!F$97*$H$28+Embeddings!G$97*$H$29+Embeddings!H$97*$H$30+Embeddings!I$97*$H$31 -> -0.16243812 | I78: =Embeddings!B$97*$I$24+Embeddings!C$97*$I$25+Embeddings!D$97*$I$26+Embeddings!E$97*$I$27+Embeddings!F$97*$I$28+Embeddings!G$97*$I$29+Embeddings!H$97*$I$30+Embeddings!I$97*$I$31 -> 0.0085654438
A81: ATTENTION SCORES (Q @ K^T / sqrt(d))
A83: Head 1 (dims 0-3)
B84: K0 | C84: K1 | D84: K2 | E84: K3 | F84: K4 | G84: K5 | H84: K6 | I84: K7
A85: Q0 | B85: =(B48*B60+C48*C60+D48*D60+E48*E60)/SQRT(4) -> 0.12185817 | C85: =(B48*B61+C48*C61+D48*D61+E48*E61)/SQRT(4) -> -0.032589811 | D85: =(B48*B62+C48*C62+D48*D62+E48*E62)/SQRT(4) -> -0.042238068 | E85: =(B48*B63+C48*C63+D48*D63+E48*E63)/SQRT(4) -> 0.10862811 | F85: =(B48*B64+C48*C64+D48*D64+E48*E64)/SQRT(4) -> 0.030054965 | G85: =(B48*B65+C48*C65+D48*D65+E48*E65)/SQRT(4) -> 0.10161106 | H85: =(B48*B66+C48*C66+D48*D66+E48*E66)/SQRT(4) -> -0.001039103 | I85: =(B48*B67+C48*C67+D48*D67+E48*E67)/SQRT(4) -> 0.098065574
A86: Q1 | B86: =(B49*B60+C49*C60+D49*D60+E49*E60)/SQRT(4) -> 0.090515215 | C86: =(B49*B61+C49*C61+D49*D61+E49*E61)/SQRT(4) -> 0.038948496 | D86: =(B49*B62+C49*C62+D49*D62+E49*E62)/SQRT(4) -> 0.069053863 | E86: =(B49*B63+C49*C63+D49*D63+E49*E63)/SQRT(4) -> 0.035545684 | F86: =(B49*B64+C49*C64+D49*D64+E49*E64)/SQRT(4) -> 0.058442294 | G86: =(B49*B65+C49*C65+D49*D65+E49*E65)/SQRT(4) -> 0.16181295 | H86: =(B49*B66+C49*C66+D49*D66+E49*E66)/SQRT(4) -> -0.014043591 | I86: =(B49*B67+C49*C67+D49*D67+E49*E67)/SQRT(4) -> 0.018645657
A87: Q2 | B87: =(B50*B60+C50*C60+D50*D60+E50*E60)/SQRT(4) -> 0.093190039 | C87: =(B50*B61+C50*C61+D50*D61+E50*E61)/SQRT(4) -> 0.0059671345 | D87: =(B50*B62+C50*C62+D50*D62+E50*E62)/SQRT(4) -> -0.059090328 | E87: =(B50*B63+C50*C63+D50*D63+E50*E63)/SQRT(4) -> 0.14191659 | F87: =(B50*B64+C50*C64+D50*D64+E50*E64)/SQRT(4) -> 0.010679512 | G87: =(B50*B65+C50*C65+D50*D65+E50*E65)/SQRT(4) -> -0.074541422 | H87: =(B50*B66+C50*C66+D50*D66+E50*E66)/SQRT(4) -> 0.03872607 | I87: =(B50*B67+C50*C67+D50*D67+E50*E67)/SQRT(4) -> 0.15285746
A88: Q3 | B88: =(B51*B60+C51*C60+D51*D60+E51*E60)/SQRT(4) -> 0.063561857 | C88: =(B51*B61+C51*C61+D51*D61+E51*E61)/SQRT(4) -> 0.011705717 | D88: =(B51*B62+C51*C62+D51*D62+E51*E62)/SQRT(4) -> -0.032254407 | E88: =(B51*B63+C51*C63+D51*D63+E51*E63)/SQRT(4) -> 0.12259234 | F88: =(B51*B64+C51*C64+D51*D64+E51*E64)/SQRT(4) -> 0.018147585 | G88: =(B51*B65+C51*C65+D51*D65+E51*E65)/SQRT(4) -> -0.06197344 | H88: =(B51*B66+C51*C66+D51*D66+E51*E66)/SQRT(4) -> 0.037281803 | I88: =(B51*B67+C51*C67+D51*D67+E51*E67)/SQRT(4) -> 0.12336566
A89: Q4 | B89: =(B52*B60+C52*C60+D52*D60+E52*E60)/SQRT(4) -> -0.04150824 | C89: =(B52*B61+C52*C61+D52*D61+E52*E61)/SQRT(4) -> 0.060755477 | D89: =(B52*B62+C52*C62+D52*D62+E52*E62)/SQRT(4) -> 0.081841629 | E89: =(B52*B63+C52*C63+D52*D63+E52*E63)/SQRT(4) -> -0.11348798 | F89: =(B52*B64+C52*C64+D52*D64+E52*E64)/SQRT(4) -> -0.0024509765 | G89: =(B52*B65+C52*C65+D52*D65+E52*E65)/SQRT(4) -> 0.025747473 | H89: =(B52*B66+C52*C66+D52*D66+E52*E66)/SQRT(4) -> -0.022896821 | I89: =(B52*B67+C52*C67+D52*D67+E52*E67)/SQRT(4) -> -0.099871127
A90: Q5 | B90: =(B53*B60+C53*C60+D53*D60+E53*E60)/SQRT(4) -> -0.096315097 | C90: =(B53*B61+C53*C61+D53*D61+E53*E61)/SQRT(4) -> -0.012805279 | D90: =(B53*B62+C53*C62+D53*D62+E53*E62)/SQRT(4) -> -0.096948344 | E90: =(B53*B63+C53*C63+D53*D63+E53*E63)/SQRT(4) -> -0.06239264 | F90: =(B53*B64+C53*C64+D53*D64+E53*E64)/SQRT(4) -> -0.096487284 | G90: =(B53*B65+C53*C65+D53*D65+E53*E65)/SQRT(4) -> -0.27781797 | H90: =(B53*B66+C53*C66+D53*D66+E53*E66)/SQRT(4) -> 0.021896132 | I90: =(B53*B67+C53*C67+D53*D67+E53*E67)/SQRT(4) -> -0.007389562
A91: Q6 | B91: =(B54*B60+C54*C60+D54*D60+E54*E60)/SQRT(4) -> 0.10863486 | C91: =(B54*B61+C54*C61+D54*D61+E54*E61)/SQRT(4) -> 0.00539447 | D91: =(B54*B62+C54*C62+D54*D62+E54*E62)/SQRT(4) -> 0.038389208 | E91: =(B54*B63+C54*C63+D54*D63+E54*E63)/SQRT(4) -> 0.056454147 | F91: =(B54*B64+C54*C64+D54*D64+E54*E64)/SQRT(4) -> 0.056973893 | G91: =(B54*B65+C54*C65+D54*D65+E54*E65)/SQRT(4) -> 0.18931298 | H91: =(B54*B66+C54*C66+D54*D66+E54*E66)/SQRT(4) -> -0.01848923 | I91: =(B54*B67+C54*C67+D54*D67+E54*E67)/SQRT(4) -> 0.033768626
A92: Q7 | B92: =(B55*B60+C55*C60+D55*D60+E55*E60)/SQRT(4) -> 0.053433207 | C92: =(B55*B61+C55*C61+D55*D61+E55*E61)/SQRT(4) -> 0.0012091477 | D92: =(B55*B62+C55*C62+D55*D62+E55*E62)/SQRT(4) -> -0.046919136 | E92: =(B55*B63+C55*C63+D55*D63+E55*E63)/SQRT(4) -> 0.108585 | F92: =(B55*B64+C55*C64+D55*D64+E55*E64)/SQRT(4) -> 0.0057705874 | G92: =(B55*B65+C55*C65+D55*D65+E55*E65)/SQRT(4) -> -0.076536676 | H92: =(B55*B66+C55*C66+D55*D66+E55*E66)/SQRT(4) -> 0.034193174 | I92: =(B55*B67+C55*C67+D55*D67+E55*E67)/SQRT(4) -> 0.11416702
A95: Head 2 (dims 4-7)
B96: K0 | C96: K1 | D96: K2 | E96: K3 | F96: K4 | G96: K5 | H96: K6 | I96: K7
A97: Q0 | B97: =(F48*F60+G48*G60+H48*H60+I48*I60)/SQRT(4) -> 0.013945494 | C97: =(F48*F61+G48*G61+H48*H61+I48*I61)/SQRT(4) -> -0.092339062 | D97: =(F48*F62+G48*G62+H48*H62+I48*I62)/SQRT(4) -> -0.057867911 | E97: =(F48*F63+G48*G63+H48*H63+I48*I63)/SQRT(4) -> -0.031847735 | F97: =(F48*F64+G48*G64+H48*H64+I48*I64)/SQRT(4) -> -0.13584358 | G97: =(F48*F65+G48*G65+H48*H65+I48*I65)/SQRT(4) -> -0.066504022 | H97: =(F48*F66+G48*G66+H48*H66+I48*I66)/SQRT(4) -> -0.0099965288 | I97: =(F48*F67+G48*G67+H48*H67+I48*I67)/SQRT(4) -> 0.014038974
A98: Q1 | B98: =(F49*F60+G49*G60+H49*H60+I49*I60)/SQRT(4) -> -0.021944534 | C98: =(F49*F61+G49*G61+H49*H61+I49*I61)/SQRT(4) -> 0.084861919 | D98: =(F49*F62+G49*G62+H49*H62+I49*I62)/SQRT(4) -> -0.037196397 | E98: =(F49*F63+G49*G63+H49*H63+I49*I63)/SQRT(4) -> -0.02158102 | F98: =(F49*F64+G49*G64+H49*H64+I49*I64)/SQRT(4) -> 0.075101499 | G98: =(F49*F65+G49*G65+H49*H65+I49*I65)/SQRT(4) -> -0.076533927 | H98: =(F49*F66+G49*G66+H49*H66+I49*I66)/SQRT(4) -> -0.013845039 | I98: =(F49*F67+G49*G67+H49*H67+I49*I67)/SQRT(4) -> 0.035041175
A99: Q2 | B99: =(F50*F60+G50*G60+H50*H60+I50*I60)/SQRT(4) -> 0.096071511 | C99: =(F50*F61+G50*G61+H50*H61+I50*I61)/SQRT(4) -> -0.17743792 | D99: =(F50*F62+G50*G62+H50*H62+I50*I62)/SQRT(4) -> 0.051298197 | E99: =(F50*F63+G50*G63+H50*H63+I50*I63)/SQRT(4) -> 0.13023323 | F99: =(F50*F64+G50*G64+H50*H64+I50*I64)/SQRT(4) -> -0.091517337 | G99: =(F50*F65+G50*G65+H50*H65+I50*I65)/SQRT(4) -> 0.21951147 | H99: =(F50*F66+G50*G66+H50*H66+I50*I66)/SQRT(4) -> -0.014920497 | I99: =(F50*F67+G50*G67+H50*H67+I50*I67)/SQRT(4) -> 0.092245206
A100: Q3 | B100: =(F51*F60+G51*G60+H51*H60+I51*I60)/SQRT(4) -> 0.066337555 | C100: =(F51*F61+G51*G61+H51*H61+I51*I61)/SQRT(4) -> -0.068668695 | D100: =(F51*F62+G51*G62+H51*H62+I51*I62)/SQRT(4) -> 0.058652417 | E100: =(F51*F63+G51*G63+H51*H63+I51*I63)/SQRT(4) -> 0.0066663277 | F100: =(F51*F64+G51*G64+H51*H64+I51*I64)/SQRT(4) -> -0.087828974 | G100: =(F51*F65+G51*G65+H51*H65+I51*I65)/SQRT(4) -> 0.034706424 | H100: =(F51*F66+G51*G66+H51*H66+I51*I66)/SQRT(4) -> 0.093882551 | I100: =(F51*F67+G51*G67+H51*H67+I51*I67)/SQRT(4) -> -0.039287215
A101: Q4 | B101: =(F52*F60+G52*G60+H52*H60+I52*I60)/SQRT(4) -> -0.04939491 | C101: =(F52*F61+G52*G61+H52*H61+I52*I61)/SQRT(4) -> 0.21644222 | D101: =(F52*F62+G52*G62+H52*H62+I52*I62)/SQRT(4) -> -0.057778146 | E101: =(F52*F63+G52*G63+H52*H63+I52*I63)/SQRT(4) -> -0.11970406 | F101: =(F52*F64+G52*G64+H52*H64+I52*I64)/SQRT(4) -> 0.1264165 | G101: =(F52*F65+G52*G65+H52*H65+I52*I65)/SQRT(4) -> -0.25928421 | H101: =(F52*F66+G52*G66+H52*H66+I52*I66)/SQRT(4) -> 0.058368762 | I101: =(F52*F67+G52*G67+H52*H67+I52*I67)/SQRT(4) -> -0.023835519
A102: Q5 | B102: =(F53*F60+G53*G60+H53*H60+I53*I60)/SQRT(4) -> 0.028245429 | C102: =(F53*F61+G53*G61+H53*H61+I53*I61)/SQRT(4) -> -0.08846707 | D102: =(F53*F62+G53*G62+H53*H62+I53*I62)/SQRT(4) -> -0.026701687 | E102: =(F53*F63+G53*G63+H53*H63+I53*I63)/SQRT(4) -> -0.0012534354 | F102: =(F53*F64+G53*G64+H53*H64+I53*I64)/SQRT(4) -> -0.10564555 | G102: =(F53*F65+G53*G65+H53*H65+I53*I65)/SQRT(4) -> -0.010590671 | H102: =(F53*F66+G53*G66+H53*H66+I53*I66)/SQRT(4) -> -0.0015805962 | I102: =(F53*F67+G53*G67+H53*H67+I53*I67)/SQRT(4) -> 0.021824769
A103: Q6 | B103: =(F54*F60+G54*G60+H54*H60+I54*I60)/SQRT(4) -> 0.01460683 | C103: =(F54*F61+G54*G61+H54*H61+I54*I61)/SQRT(4) -> 0.042887297 | D103: =(F54*F62+G54*G62+H54*H62+I54*I62)/SQRT(4) -> -0.029791171 | E103: =(F54*F63+G54*G63+H54*H63+I54*I63)/SQRT(4) -> -0.047403139 | F103: =(F54*F64+G54*G64+H54*H64+I54*I64)/SQRT(4) -> -0.0075734488 | G103: =(F54*F65+G54*G65+H54*H65+I54*I65)/SQRT(4) -> -0.11706827 | H103: =(F54*F66+G54*G66+H54*H66+I54*I66)/SQRT(4) -> 0.048241763 | I103: =(F54*F67+G54*G67+H54*H67+I54*I67)/SQRT(4) -> 0.0097371665
A104: Q7 | B104: =(F55*F60+G55*G60+H55*H60+I55*I60)/SQRT(4) -> 0.045349917 | C104: =(F55*F61+G55*G61+H55*H61+I55*I61)/SQRT(4) -> -0.10202474 | D104: =(F55*F62+G55*G62+H55*H62+I55*I62)/SQRT(4) -> 0.041887366 | E104: =(F55*F63+G55*G63+H55*H63+I55*I63)/SQRT(4) -> 0.036656704 | F104: =(F55*F64+G55*G64+H55*H64+I55*I64)/SQRT(4) -> -0.086521592 | G104: =(F55*F65+G55*G65+H55*H65+I55*I65)/SQRT(4) -> 0.090634594 | H104: =(F55*F66+G55*G66+H55*H66+I55*I66)/SQRT(4) -> 0.025283899 | I104: =(F55*F67+G55*G67+H55*H67+I55*I67)/SQRT(4) -> -0.012432497
A107: CAUSAL MASK (0 = attend, -inf = mask)
B108: 0 | C108: 1 | D108: 2 | E108: 3 | F108: 4 | G108: 5 | H108: 6 | I108: 7
A109: 0 | B109: 0 | C109: -1000 | D109: -1000 | E109: -1000 | F109: -1000 | G109: -1000 | H109: -1000 | I109: -1000
A110: 1 | B110: 0 | C110: 0 | D110: -1000 | E110: -1000 | F110: -1000 | G110: -1000 | H110: -1000 | I110: -1000
A111: 2 | B111: 0 | C111: 0 | D111: 0 | E111: -1000 | F111: -1000 | G111: -1000 | H111: -1000 | I111: -1000
A112: 3 | B112: 0 | C112: 0 | D112: 0 | E112: 0 | F112: -1000 | G112: -1000 | H112: -1000 | I112: -1000
A113: 4 | B113: 0 | C113: 0 | D113: 0 | E113: 0 | F113: 0 | G113: -1000 | H113: -1000 | I113: -1000
A114: 5 | B114: 0 | C114: 0 | D114: 0 | E114: 0 | F114: 0 | G114: 0 | H114: -1000 | I114: -1000
A115: 6 | B115: 0 | C115: 0 | D115: 0 | E115: 0 | F115: 0 | G115: 0 | H115: 0 | I115: -1000
A116: 7 | B116: 0 | C116: 0 | D116: 0 | E116: 0 | F116: 0 | G116: 0 | H116: 0 | I116: 0
A119: MASKED SCORES (Head 1)
...

Sheet FFN
A1: LAYER NORM 2 (Pre-FFN) | R1: Resid2_Row: | S1: 111
A3: Gamma (γ): | B3: 1 | C3: 1 | D3: 1 | E3: 1 | F3: 1 | G3: 1 | H3: 1 | I3: 1
A4: Beta (β): | B4: 0 | C4: 0 | D4: 0 | E4: 0 | F4: 0 | G4: 0 | H4: 0 | I4: 0
A6: Position | B6: Mean | C6: Var
A7: 0 | B7: =AVERAGE(Attention!B218:I218) -> 0.0017921515 | C7: =VARP(Attention!B218:I218) -> 0.015300627
A8: 1 | B8: =AVERAGE(Attention!B219:I219) -> 0.0060750623 | C8: =VARP(Attention!B219:I219) -> 0.037028324
A9: 2 | B9: =AVERAGE(Attention!B220:I220) -> -0.091716651 | C9: =VARP(Attention!B220:I220) -> 0.038364612
A10: 3 | B10: =AVERAGE(Attention!B221:I221) -> 0.0946972 | C10: =VARP(Attention!B221:I221) -> 0.01705449
A11: 4 | B11: =AVERAGE(Attention!B222:I222) -> -0.0299819 | C11: =VARP(Attention!B222:I222) -> 0.019308548
A12: 5 | B12: =AVERAGE(Attention!B223:I223) -> 0.090893528 | C12: =VARP(Attention!B223:I223) -> 0.021664097
A13: 6 | B13: =AVERAGE(Attention!B224:I224) -> 0.010565898 | C13: =VARP(Attention!B224:I224) -> 0.013515627
A14: 7 | B14: =AVERAGE(Attention!B225:I225) -> 0.14698709 | C14: =VARP(Attention!B225:I225) -> 0.015252058
A18: LN2 Output
B19: LN2_0 | C19: LN2_1 | D19: LN2_2 | E19: LN2_3 | F19: LN2_4 | G19: LN2_5 | H19: LN2_6 | I19: LN2_7
A20: 0 | B20: =B3*(Attention!B$218-B7)/SQRT(C7+Config!$B$10)+B4 -> -1.4168488 | C20: =C3*(Attention!C$218-B7)/SQRT(C7+Config!$B$10)+C4 -> 0.24922364 | D20: =D3*(Attention!D$218-B7)/SQRT(C7+Config!$B$10)+D4 -> 1.0217677 | E20: =E3*(Attention!E$218-B7)/SQRT(C7+Config!$B$10)+E4 -> 0.11963654 | F20: =F3*(Attention!F$218-B7)/SQRT(C7+Config!$B$10)+F4 -> 1.5070641 | G20: =G3*(Attention!G$218-B7)/SQRT(C7+Config!$B$10)+G4 -> 0.53733547 | H20: =H3*(Attention!H$218-B7)/SQRT(C7+Config!$B$10)+H4 -> -1.376775 | I20: =I3*(Attention!I$218-B7)/SQRT(C7+Config!$B$10)+I4 -> -0.64140374
A21: 1 | B21: =B3*(Attention!B$219-B8)/SQRT(C8+Config!$B$10)+B4 -> 0.17634171 | C21: =C3*(Attention!C$219-B8)/SQRT(C8+Config!$B$10)+C4 -> 0.15209276 | D21: =D3*(Attention!D$219-B8)/SQRT(C8+Config!$B$10)+D4 -> -0.31958315 | E21: =E3*(Attention!E$219-B8)/SQRT(C8+Config!$B$10)+E4 -> 0.98020112 | F21: =F3*(Attention!F$219-B8)/SQRT(C8+Config!$B$10)+F4 -> 1.4789402 | G21: =G3*(Attention!G$219-B8)/SQRT(C8+Config!$B$10)+G4 -> 0.47943423 | H21: =H3*(Attention!H$219-B8)/SQRT(C8+Config!$B$10)+H4 -> -1.7185602 | I21: =I3*(Attention!I$219-B8)/SQRT(C8+Config!$B$10)+I4 -> -1.2288667
A22: 2 | B22: =B3*(Attention!B$220-B9)/SQRT(C9+Config!$B$10)+B4 -> 1.1330179 | C22: =C3*(Attention!C$220-B9)/SQRT(C9+Config!$B$10)+C4 -> -0.35703162 | D22: =D3*(Attention!D$220-B9)/SQRT(C9+Config!$B$10)+D4 -> 1.2238402 | E22: =E3*(Attention!E$220-B9)/SQRT(C9+Config!$B$10)+E4 -> 0.19116408 | F22: =F3*(Attention!F$220-B9)/SQRT(C9+Config!$B$10)+F4 -> 0.61622914 | G22: =G3*(Attention!G$220-B9)/SQRT(C9+Config!$B$10)+G4 -> -0.55422204 | H22: =H3*(Attention!H$220-B9)/SQRT(C9+Config!$B$10)+H4 -> -2.0823979 | I22: =I3*(Attention!I$220-B9)/SQRT(C9+Config!$B$10)+I4 -> -0.17059984
A23: 3 | B23: =B3*(Attention!B$221-B10)/SQRT(C10+Config!$B$10)+B4 -> -0.66162105 | C23: =C3*(Attention!C$221-B10)/SQRT(C10+Config!$B$10)+C4 -> 1.3660732 | D23: =D3*(Attention!D$221-B10)/SQRT(C10+Config!$B$10)+D4 -> 1.4119511 | E23: =E3*(Attention!E$221-B10)/SQRT(C10+Config!$B$10)+E4 -> -0.8423221 | F23: =F3*(Attention!F$221-B10)/SQRT(C10+Config!$B$10)+F4 -> 0.36692426 | G23: =G3*(Attention!G$221-B10)/SQRT(C10+Config!$B$10)+G4 -> -0.039586533 | H23: =H3*(Attention!H$221-B10)/SQRT(C10+Config!$B$10)+H4 -> 0.085244676 | I23: =I3*(Attention!I$221-B10)/SQRT(C10+Config!$B$10)+I4 -> -1.6866635
A24: 4 | B24: =B3*(Attention!B$222-B11)/SQRT(C11+Config!$B$10)+B4 -> -0.024521596 | C24: =C3*(Attention!C$222-B11)/SQRT(C11+Config!$B$10)+C4 -> 0.5396864 | D24: =D3*(Attention!D$222-B11)/SQRT(C11+Config!$B$10)+D4 -> -0.54385875 | E24: =E3*(Attention!E$222-B11)/SQRT(C11+Config!$B$10)+E4 -> -0.27667673 | F24: =F3*(Attention!F$222-B11)/SQRT(C11+Config!$B$10)+F4 -> 2.1267556 | G24: =G3*(Attention!G$222-B11)/SQRT(C11+Config!$B$10)+G4 -> -0.34218903 | H24: =H3*(Attention!H$222-B11)/SQRT(C11+Config!$B$10)+H4 -> 0.15412206 | I24: =I3*(Attention!I$222-B11)/SQRT(C11+Config!$B$10)+I4 -> -1.6333179
A25: 5 | B25: =B3*(Attention!B$223-B12)/SQRT(C12+Config!$B$10)+B4 -> -0.50502626 | C25: =C3*(Attention!C$223-B12)/SQRT(C12+Config!$B$10)+C4 -> -0.1850835 | D25: =D3*(Attention!D$223-B12)/SQRT(C12+Config!$B$10)+D4 -> 1.4689171 | E25: =E3*(Attention!E$223-B12)/SQRT(C12+Config!$B$10)+E4 -> -0.20640251 | F25: =F3*(Attention!F$223-B12)/SQRT(C12+Config!$B$10)+F4 -> 1.2015753 | G25: =G3*(Attention!G$223-B12)/SQRT(C12+Config!$B$10)+G4 -> -1.9762137 | H25: =H3*(Attention!H$223-B12)/SQRT(C12+Config!$B$10)+H4 -> 0.36286966 | I25: =I3*(Attention!I$223-B12)/SQRT(C12+Config!$B$10)+I4 -> -0.16063608
A26: 6 | B26: =B3*(Attention!B$224-B13)/SQRT(C13+Config!$B$10)+B4 -> -0.77711606 | C26: =C3*(Attention!C$224-B13)/SQRT(C13+Config!$B$10)+C4 -> -0.35440003 | D26: =D3*(Attention!D$224-B13)/SQRT(C13+Config!$B$10)+D4 -> 0.7490947 | E26: =E3*(Attention!E$224-B13)/SQRT(C13+Config!$B$10)+E4 -> -0.90278116 | F26: =F3*(Attention!F$224-B13)/SQRT(C13+Config!$B$10)+F4 -> 1.803042 | G26: =G3*(Attention!G$224-B13)/SQRT(C13+Config!$B$10)+G4 -> 1.1305598 | H26: =H3*(Attention!H$224-B13)/SQRT(C13+Config!$B$10)+H4 -> -0.84269271 | I26: =I3*(Attention!I$224-B13)/SQRT(C13+Config!$B$10)+I4 -> -0.80570652
A27: 7 | B27: =B3*(Attention!B$225-B14)/SQRT(C14+Config!$B$10)+B4 -> -0.37746142 | C27: =C3*(Attention!C$225-B14)/SQRT(C14+Config!$B$10)+C4 -> 2.2214183 | D27: =D3*(Attention!D$225-B14)/SQRT(C14+Config!$B$10)+D4 -> 0.62824436 | E27: =E3*(Attention!E$225-B14)/SQRT(C14+Config!$B$10)+E4 -> 0.4795284 | F27: =F3*(Attention!F$225-B14)/SQRT(C14+Config!$B$10)+F4 -> -0.51415534 | G27: =G3*(Attention!G$225-B14)/SQRT(C14+Config!$B$10)+G4 -> -0.97663716 | H27: =H3*(Attention!H$225-B14)/SQRT(C14+Config!$B$10)+H4 -> -0.79210779 | I27: =I3*(Attention!I$225-B14)/SQRT(C14+Config!$B$10)+I4 -> -0.66882936
A30: FFN WEIGHTS
A32: W1 (Embed → Hidden)
B33: -0.0751 | C33: 0.1316 | D33: 0.1246 | E33: -0.1605 | F33: -0.1468 | G33: -0.1715 | H33: 0.1859 | I33: 0.0088 | J33: -0.0052 | K33: 0.0555 | L33: -0.0963 | M33: -0.018 | N33: -0.1183 | O33: 0.0605 | P33: -0.0952 | Q33: 0.0361
B34: 0.1061 | C34: -0.0117 | D34: 0.0826 | E34: -0.121 | F34: -0.1191 | G34: 0.022 | H34: -0.0213 | I34: -0.1411 | J34: -0.0483 | K34: 0.1202 | L34: -0.0706 | M34: 0.0025 | N34: -0.0391 | O34: 0.0193 | P34: 0.0349 | Q34: 0.0591
B35: 0.052 | C35: 0.0825 | D35: 0.0426 | E35: 0.0196 | F35: -0.0514 | G35: -0.3074 | H35: -0.0395 | I35: -0.0795 | J35: -0.0703 | K35: -0.1737 | L35: 0.0751 | M35: -0.1864 | N35: 0.0419 | O35: -0.0235 | P35: 0.0432 | Q35: 0.087
B36: 0.2009 | C36: 0.1372 | D36: 0.1059 | E36: 0.1445 | F36: 0.0049 | G36: 0.009 | H36: -0.048 | I36: 0.0301 | J36: 0.1113 | K36: -0.0019 | L36: -0.0001 | M36: -0.0639 | N36: 0.1595 | O36: 0.0019 | P36: 0.0561 | Q36: -0.0198
B37: 0.0463 | C37: -0.1819 | D37: 0.0133 | E37: -0.0617 | F37: 0.1308 | G37: 0.0776 | H37: -0.028 | I37: -0.0724 | J37: -0.0943 | K37: 0.0562 | L37: -0.0693 | M37: 0.1702 | N37: -0.1052 | O37: -0.0661 | P37: -0.1011 | Q37: -0.1459
B38: 0.0391 | C38: -0.081 | D38: 0.1158 | E38: 0.0032 | F38: -0.1897 | G38: -0.0865 | H38: -0.0057 | I38: 0.1231 | J38: -0.0534 | K38: -0.0336 | L38: -0.1556 | M38: 0.1219 | N38: -0.2258 | O38: 0.0221 | P38: -0.0055 | Q38: 0.0281
B39: 0.0599 | C39: 0.1027 | D39: 0.0007 | E39: -0.1753 | F39: 0.1549 | G39: -0.0645 | H39: 0.0879 | I39: -0.0318 | J39: 0.0727 | K39: -0.0066 | L39: -0.0451 | M39: 0.0854 | N39: -0.2536 | O39: -0.0387 | P39: -0.0021 | Q39: 0.0316
B40: -0.063 | C40: -0.198 | D40: 0.0277 | E40: -0.1236 | F40: 0.0573 | G40: 0.0318 | H40: -0.0079 | I40: 0.1477 | J40: 0.1128 | K40: -0.1085 | L40: -0.1851 | M40: 0.1333 | N40: 0.2241 | O40: -0.0783 | P40: 0.0244 | Q40: -0.101
A42: b1 (Hidden bias)
B43: 0 | C43: 0 | D43: 0 | E43: 0 | F43: 0 | G43: 0 | H43: 0 | I43: 0 | J43: 0 | K43: 0 | L43: 0 | M43: 0 | N43: 0 | O43: 0 | P43: 0 | Q43: 0
A46: W2 (Hidden → Embed)
B47: -0.0718 | C47: 0.2901 | D47: 0.0386 | E47: 0.004 | F47: 0.0108 | G47: -0.1285 | H47: 0.0342 | I47: 0.1832
B48: 0.1449 | C48: -0.0528 | D48: -0.0911 | E48: 0.0651 | F48: 0.0016 | G48: -0.0137 | H48: -0.0778 | I48: 0.0797
B49: 0.0038 | C49: -0.006 | D49: 0.0007 | E49: 0.0385 | F49: -0.1027 | G49: -0.108 | H49: -0.2574 | I49: 0.0305
B50: 0.1892 | C50: 0.1016 | D50: -0.0044 | E50: -0.1158 | F50: -0.0396 | G50: -0.067 | H50: 0.032 | I50: -0.0296
B51: 0.0407 | C51: -0.0445 | D51: -0.1391 | E51: 0.1676 | F51: -0.1381 | G51: -0.1277 | H51: -0.0776 | I51: -0.0593
B52: 0.0755 | C52: 0.0361 | D52: -0.0493 | E52: 0.0476 | F52: 0.2204 | G52: 0.0367 | H52: 0.0215 | I52: 0.0706
B53: -0.0904 | C53: 0.2795 | D53: 0.1517 | E53: -0.0571 | F53: 0.0559 | G53: -0.2099 | H53: 0.0326 | I53: 0.0002
B54: 0.0383 | C54: -0.0652 | D54: 0.1086 | E54: -0.0944 | F54: 0.1196 | G54: -0.0415 | H54: -0.1856 | I54: -0.05
B55: 0.1786 | C55: -0.1637 | D55: -0.1079 | E55: 0.0319 | F55: -0.1002 | G55: -0.0456 | H55: -0.081 | I55: 0.0634
B56: -0.026 | C56: 0.1197 | D56: -0.1638 | E56: 0.1429 | F56: 0.0769 | G56: 0.0173 | H56: 0.0382 | I56: -0.0508
B57: -0.0974 | C57: 0.1708 | D57: -0.0143 | E57: -0.1192 | F57: 0.042 | G57: 0.0211 | H57: 0.0794 | I57: -0.0494
B58: -0.0924 | C58: -0.1125 | D58: -0.1098 | E58: 0.0658 | F58: 0.0449 | G58: 0.0836 | H58: 0.0438 | I58: -0.0549
... B62: -0.0309 | C62: -0.2334 | D62: -0.0362 | E62: -0.0066 | F62: 0.0103 | G62: -0.0722 | H62: -0.1358 | I62: 0.0513
A64: b2 (Output bias)
B65: 0 | C65: 0 | D65: 0 | E65: 0 | F65: 0 | G65: 0 | H65: 0 | I65: 0
A69: FFN FORWARD PASS
A71: Hidden (pre-GELU)
B72: H0 | C72: H1 | D72: H2 | E72: H3 | F72: H4 | G72: H5 | H72: H6 | I72: H7 | J72: H8 | K72: H9 | L72: H10 | M72: H11 | N72: H12 | O72: H13 | P72: H14 | Q72: H15
A73: 0 | B73: =B20*B33+C20*B34+D20*B35+E20*B36+F20*B37+G20*B38+H20*B39+I20*B40+B43 -> 0.25874137 | C73: =B20*C33+C20*C34+D20*C35+E20*C36+F20*C37+G20*C38+H20*C39+I20*C40+C43 -> -0.42071923 | D73: =B20*D33+C20*D34+D20*D35+E20*D36+F20*D37+G20*D38+H20*D39+I20*D40+D43 -> -0.036219896 | E73: =B20*E33+C20*E34+D20*E35+E20*E36+F20*E37+G20*E38+H20*E39+I20*E40+E43 -> 0.46392207 | F73: =B20*F33+C20*F34+D20*F35+E20*F36+F20*F37+G20*F38+H20*F39+I20*F40+F43 -> -0.028445209 | G73: =B20*G33+C20*G34+D20*G35+E20*G36+F20*G37+G20*G38+H20*G39+I20*G40+G43 -> 0.074331817 | H73: =B20*H33+C20*H34+D20*H35+E20*H36+F20*H37+G20*H38+H20*H39+I20*H40+H43 -> -0.47601507 | I73: =B20*I33+C20*I34+D20*I35+E20*I36+F20*I37+G20*I38+H20*I39+I20*I40+I43 -> -0.21918253 | J73: =B20*J33+C20*J34+D20*J35+E20*J36+F20*J37+G20*J38+H20*J39+I20*J40+J43 -> -0.40643636 | K73: =B20*K33+C20*K34+D20*K35+E20*K36+F20*K37+G20*K38+H20*K39+I20*K40+K43 -> -0.08106524 | L73: =B20*L33+C20*L34+D20*L35+E20*L36+F20*L37+G20*L38+H20*L39+I20*L40+L43 -> 0.18833758 | M73: =B20*M33+C20*M34+D20*M35+E20*M36+F20*M37+G20*M38+H20*M39+I20*M40+M43 -> -0.053048139 | N73: =B20*N33+C20*N34+D20*N35+E20*N36+F20*N37+G20*N38+H20*N39+I20*N40+N43 -> 0.14530073 | O73: =B20*O33+C20*O34+D20*O35+E20*O36+F20*O37+G20*O38+H20*O39+I20*O40+O43 -> -0.088932287 | P73: =B20*P33+C20*P34+D20*P35+E20*P36+F20*P37+G20*P38+H20*P39+I20*P40+P43 -> 0.026355334 | Q73: =B20*Q33+C20*Q34+D20*Q35+E20*Q36+F20*Q37+G20*Q38+H20*Q39+I20*Q40+Q43 -> -0.13339997
A74: 1 | B74: =B21*B33+C21*B34+D21*B35+E21*B36+F21*B37+G21*B38+H21*B39+I21*B40+B43 -> 0.24489552 | C74: =B21*C33+C21*C34+D21*C35+E21*C36+F21*C37+G21*C38+H21*C39+I21*C40+C43 -> -0.11148885 | D74: =B21*D33+C21*D34+D21*D35+E21*D36+F21*D37+G21*D38+H21*D39+I21*D40+D43 -> 0.16466988 | E74: =B21*E33+C21*E34+D21*E35+E21*E36+F21*E37+G21*E38+H21*E39+I21*E40+E43 -> 0.45210427 | F74: =B21*F33+C21*F34+D21*F35+E21*F36+F21*F37+G21*F38+H21*F39+I21*F40+F43 -> -0.25689398 | G74: =B21*G33+C21*G34+D21*G35+E21*G36+F21*G37+G21*G38+H21*G39+I21*G40+G43 -> 0.22522898 | H74: =B21*H33+C21*H34+D21*H35+E21*H36+F21*H37+G21*H38+H21*H39+I21*H40+H43 -> -0.19038026 | I74: =B21*I33+C21*I34+D21*I35+E21*I36+F21*I37+G21*I38+H21*I39+I21*I40+I43 -> -0.13990789 | J74: =B21*J33+C21*J34+D21*J35+E21*J36+F21*J37+G21*J38+H21*J39+I21*J40+J43 -> -0.30532132 | K74: =B21*K33+C21*K34+D21*K35+E21*K36+F21*K37+G21*K38+H21*K39+I21*K40+K43 -> 0.29339971 | L74: =B21*L33+C21*L34+D21*L35+E21*L36+F21*L37+G21*L38+H21*L39+I21*L40+L43 -> 0.076061601 | M74: =B21*M33+C21*M34+D21*M35+E21*M36+F21*M37+G21*M38+H21*M39+I21*M40+M43 -> -0.0062727845 | N74: =B21*N33+C21*N34+D21*N35+E21*N36+F21*N37+G21*N38+H21*N39+I21*N40+N43 -> 0.012740555 | O74: =B21*O33+C21*O34+D21*O35+E21*O36+F21*O37+G21*O38+H21*O39+I21*O40+O43 -> 0.098542741 | P74: =B21*P33+C21*P34+D21*P35+E21*P36+F21*P37+G21*P38+H21*P39+I21*P40+P43 -> -0.14882952 | Q74: =B21*Q33+C21*Q34+D21*Q35+E21*Q36+F21*Q37+G21*Q38+H21*Q39+I21*Q40+Q43 -> -0.16435334
A75: 2 | B75: =B22*B33+C22*B34+D22*B35+E22*B36+F22*B37+G22*B38+H22*B39+I22*B40+B43 -> -0.12805266 | C75: =B22*C33+C22*C34+D22*C35+E22*C36+F22*C37+G22*C38+H22*C39+I22*C40+C43 -> 0.033193369 | D75: =B22*D33+C22*D34+D22*D35+E22*D36+F22*D37+G22*D38+H22*D39+I22*D40+D43 -> 0.12189673 | E75: =B22*E33+C22*E34+D22*E35+E22*E36+F22*E37+G22*E38+H22*E39+I22*E40+E43 -> 0.25929757 | F75: =B22*F33+C22*F34+D22*F35+E22*F36+F22*F37+G22*F38+H22*F39+I22*F40+F43 -> -0.33237335 | G75: =B22*G33+C22*G34+D22*G35+E22*G36+F22*G37+G22*G38+H22*G39+I22*G40+G43 -> -0.3520061 | H75: =B22*H33+C22*H34+D22*H35+E22*H36+F22*H37+G22*H38+H22*H39+I22*H40+H43 -> -0.035075147 | I75: =B22*I33+C22*I34+D22*I35+E22*I36+F22*I37+G22*I38+H22*I39+I22*I40+I43 -> -0.10301061 | J75: =B22*J33+C22*J34+D22*J35+E22*J36+F22*J37+G22*J38+H22*J39+I22*J40+J43 -> -0.25255541 | K75: =B22*K33+C22*K34+D22*K35+E22*K36+F22*K37+G22*K38+H22*K39+I22*K40+K43 -> -0.10746912 | L75: =B22*L33+C22*L34+D22*L35+E22*L36+F22*L37+G22*L38+H22*L39+I22*L40+L43 -> 0.17701454 | M75: =B22*M33+C22*M34+D22*M35+E22*M36+F22*M37+G22*M38+H22*M39+I22*M40+M43 -> -0.42488131 | N75: =B22*N33+C22*N34+D22*N35+E22*N36+F22*N37+G22*N38+H22*N39+I22*N40+N43 -> 0.5118742 | O75: =B22*O33+C22*O34+D22*O35+E22*O36+F22*O37+G22*O38+H22*O39+I22*O40+O43 -> 0.07422555 | P75: =B22*P33+C22*P34+D22*P35+E22*P36+F22*P37+G22*P38+H22*P39+I22*P40+P43 -> -0.11577165 | Q75: =B22*Q33+C22*Q34+D22*Q35+E22*Q36+F22*Q37+G22*Q38+H22*Q39+I22*Q40+Q43 -> -0.03156423
A76: 3 | B76: =B23*B33+C23*B34+D23*B35+E23*B36+F23*B37+G23*B38+H23*B39+I23*B40+B43 -> 0.22563378 | C76: =B23*C33+C23*C34+D23*C35+E23*C36+F23*C37+G23*C38+H23*C39+I23*C40+C43 -> 0.17704398 | D76: =B23*D33+C23*D34+D23*D35+E23*D36+F23*D37+G23*D38+H23*D39+I23*D40+D43 -> -0.045018066 | E76: =B23*E33+C23*E34+D23*E35+E23*E36+F23*E37+G23*E38+H23*E39+I23*E40+E43 -> 0.017616335 | F76: =B23*F33+C23*F34+D23*F35+E23*F36+F23*F37+G23*F38+H23*F39+I23*F40+F43 -> -0.17021318 | G76: =B23*G33+C23*G34+D23*G35+E23*G36+F23*G37+G23*G38+H23*G39+I23*G40+G43 -> -0.32532966 | H76: =B23*H33+C23*H34+D23*H35+E23*H36+F23*H37+G23*H38+H23*H39+I23*H40+H43 -> -0.15666391 | I76: =B23*I33+C23*I34+D23*I35+E23*I36+F23*I37+G23*I38+H23*I39+I23*I40+I43 -> -0.61944861 | J76: =B23*J33+C23*J34+D23*J35+E23*J36+F23*J37+G23*J38+H23*J39+I23*J40+J43 -> -0.47209691 | K76: =B23*K33+C23*K34+D23*K35+E23*K36+F23*K37+G23*K38+H23*K39+I23*K40+K43 -> 0.088218177 | L76: =B23*L33+C23*L34+D23*L35+E23*L36+F23*L37+G23*L38+H23*L39+I23*L40+L43 -> 0.3624798 | M76: =B23*M33+C23*M34+D23*M35+E23*M36+F23*M37+G23*M38+H23*M39+I23*M40+M43 -> -0.35396638 | N76: =B23*N33+C23*N34+D23*N35+E23*N36+F23*N37+G23*N38+H23*N39+I23*N40+N43 -> -0.47959446 | O76: =B23*O33+C23*O34+D23*O35+E23*O36+F23*O37+G23*O38+H23*O39+I23*O40+O43 -> 0.055194108 | P76: =B23*P33+C23*P34+D23*P35+E23*P36+F23*P37+G23*P38+H23*P39+I23*P40+P43 -> 0.046192375 | Q76: =B23*Q33+C23*Q34+D23*Q35+E23*Q36+F23*Q37+G23*Q38+H23*Q39+I23*Q40+Q43 -> 0.31476825
A77: 4 | B77: =B24*B33+C24*B34+D24*B35+E24*B36+F24*B37+G24*B38+H24*B39+I24*B40+B43 -> 0.17245742 | C77: =B24*C33+C24*C34+D24*C35+E24*C36+F24*C37+G24*C38+H24*C39+I24*C40+C43 -> -0.11228401 | D77: =B24*D33+C24*D34+D24*D35+E24*D36+F24*D37+G24*D38+H24*D39+I24*D40+D43 -> -0.067420405 | E77: =B24*E33+C24*E34+D24*E35+E24*E36+F24*E37+G24*E38+H24*E39+I24*E40+E43 -> -0.069461081 | F77: =B24*F33+C24*F34+D24*F35+E24*F36+F24*F37+G24*F38+H24*F39+I24*F40+F43 -> 0.23929902 | G77: =B24*G33+C24*G34+D24*G35+E24*G36+F24*G37+G24*G38+H24*G39+I24*G40+G43 -> 0.31352585 | H77: =B24*H33+C24*H34+D24*H35+E24*H36+F24*H37+G24*H38+H24*H39+I24*H40+H43 -> -0.01243912 | I77: =B24*I33+C24*I34+D24*I35+E24*I36+F24*I37+G24*I38+H24*I39+I24*I40+I43 -> -0.48369946 | J77: =B24*J33+C24*J34+D24*J35+E24*J36+F24*J37+G24*J38+H24*J39+I24*J40+J43 -> -0.37381394 | K77: =B24*K33+C24*K34+D24*K35+E24*K36+F24*K37+G24*K38+H24*K39+I24*K40+K43 -> 0.46572231 | L77: =B24*L33+C24*L34+D24*L35+E24*L36+F24*L37+G24*L38+H24*L39+I24*L40+L43 -> 0.12468014 | M77: =B24*M33+C24*M34+D24*M35+E24*M36+F24*M37+G24*M38+H24*M39+I24*M40+M43 -> 0.23654722 | N77: =B24*N33+C24*N34+D24*N35+E24*N36+F24*N37+G24*N38+H24*N39+I24*N40+N43 -> -0.63669877 | O77: =B24*O33+C24*O34+D24*O35+E24*O36+F24*O37+G24*O38+H24*O39+I24*O40+O43 -> -0.0050292652 | P77: =B24*P33+C24*P34+D24*P35+E24*P36+F24*P37+G24*P38+H24*P39+I24*P40+P43 -> -0.27115632 | Q77: =B24*Q33+C24*Q34+D24*Q35+E24*Q36+F24*Q37+G24*Q38+H24*Q39+I24*Q40+Q43 -> -0.16090106
A78: 5 | B78: =B25*B33+C25*B34+D25*B35+E25*B36+F25*B37+G25*B38+H25*B39+I25*B40+B43 -> 0.063426484 | C78: =B25*C33+C25*C34+D25*C35+E25*C36+F25*C37+G25*C38+H25*C39+I25*C40+C43 -> 0.039150682 | D78: =B25*D33+C25*D34+D25*D35+E25*D36+F25*D37+G25*D38+H25*D39+I25*D40+D43 -> -0.25455653 | E78: =B25*E33+C25*E34+D25*E35+E25*E36+F25*E37+G25*E38+H25*E39+I25*E40+E43 -> -0.021800082 | F78: =B25*F33+C25*F34+D25*F35+E25*F36+F25*F37+G25*F38+H25*F39+I25*F40+F43 -> 0.59872544 | G78: =B25*G33+C25*G34+D25*G35+E25*G36+F25*G37+G25*G38+H25*G39+I25*G40+G43 -> -0.13519116 | H78: =B25*H33+C25*H34+D25*H35+E25*H36+F25*H37+G25*H38+H25*H39+I25*H40+H43 -> -0.12727143 | I78: =B25*I33+C25*I34+D25*I35+E25*I36+F25*I37+G25*I38+H25*I39+I25*I40+I43 -> -0.46685174 | J78: =B25*J33+C25*J34+D25*J35+E25*J36+F25*J37+G25*J38+H25*J39+I25*J40+J43 -> -0.11418967 | K78: =B25*K33+C25*K34+D25*K35+E25*K36+F25*K37+G25*K38+H25*K39+I25*K40+K43 -> -0.15607134 | L78: =B25*L33+C25*L34+D25*L35+E25*L36+F25*L37+G25*L38+H25*L39+I25*L40+L43 -> 0.40963524 | M78: =B25*M33+C25*M34+D25*M35+E25*M36+F25*M37+G25*M38+H25*M39+I25*M40+M43 -> -0.27880532 | N78: =B25*N33+C25*N34+D25*N35+E25*N36+F25*N37+G25*N38+H25*N39+I25*N40+N43 -> 0.28740884 | O78: =B25*O33+C25*O34+D25*O35+E25*O36+F25*O37+G25*O38+H25*O39+I25*O40+O43 -> -0.19360162 | P78: =B25*P33+C25*P34+D25*P35+E25*P36+F25*P37+G25*P38+H25*P39+I25*P40+P43 -> -0.02179451 | Q78: =B25*Q33+C25*Q34+D25*Q35+E25*Q36+F25*Q37+G25*Q38+H25*Q39+I25*Q40+Q43 -> -0.10043784
A79: 6 | B79: =B26*B33+C26*B34+D26*B35+E26*B36+F26*B37+G26*B38+H26*B39+I26*B40+B43 -> 0.0063117122 | C79: =B26*C33+C26*C34+D26*C35+E26*C36+F26*C37+G26*C38+H26*C39+I26*C40+C43 -> -0.50674659 | D79: =B26*D33+C26*D34+D26*D35+E26*D36+F26*D37+G26*D38+H26*D39+I26*D40+D43 -> -0.05780387 | E79: =B26*E33+C26*E34+D26*E35+E26*E36+F26*E37+G26*E38+H26*E39+I26*E40+E43 -> 0.19151937 | F79: =B26*F33+C26*F34+D26*F35+E26*F36+F26*F37+G26*F38+H26*F39+I26*F40+F43 -> -0.041966791 | G79: =B26*G33+C26*G34+D26*G35+E26*G36+F26*G37+G26*G38+H26*G39+I26*G40+G43 -> -0.042063284 | H79: =B26*H33+C26*H34+D26*H35+E26*H36+F26*H37+G26*H38+H26*H39+I26*H40+H43 -> -0.24780987 | I79: =B26*I33+C26*I34+D26*I35+E26*I36+F26*I37+G26*I38+H26*I39+I26*I40+I43 -> -0.12713308 | J79: =B26*J33+C26*J34+D26*J35+E26*J36+F26*J37+G26*J38+H26*J39+I26*J40+J43 -> -0.51452858 | K79: =B26*K33+C26*K34+D26*K35+E26*K36+F26*K37+G26*K38+H26*K39+I26*K40+K43 -> -0.057806207 | L79: =B26*L33+C26*L34+D26*L35+E26*L36+F26*L37+G26*L38+H26*L39+I26*L40+L43 -> 0.042480015 | M79: =B26*M33+C26*M34+D26*M35+E26*M36+F26*M37+G26*M38+H26*M39+I26*M40+M43 -> 0.1964849 | N79: =B26*N33+C26*N34+D26*N35+E26*N36+F26*N37+G26*N38+H26*N39+I26*N40+N43 -> -0.41862903 | O79: =B26*O33+C26*O34+D26*O35+E26*O36+F26*O37+G26*O38+H26*O39+I26*O40+O43 -> -0.07167113 | P79: =B26*P33+C26*P34+D26*P35+E26*P36+F26*P37+G26*P38+H26*P39+I26*P40+P43 -> -0.16306745 | Q79: =B26*Q33+C26*Q34+D26*Q35+E26*Q36+F26*Q37+G26*Q38+H26*Q39+I26*Q40+Q43 -> -0.14250046
A80: 7 | B80: =B27*B33+C27*B34+D27*B35+E27*B36+F27*B37+G27*B38+H27*B39+I27*B40+B43 -> 0.32574289 | C80: =B27*C33+C27*C34+D27*C35+E27*C36+F27*C37+G27*C38+H27*C39+I27*C40+C43 -> 0.26566815 | D80: =B27*D33+C27*D34+D27*D35+E27*D36+F27*D37+G27*D38+H27*D39+I27*D40+D43 -> 0.074988829 | E80: =B27*E33+C27*E34+D27*E35+E27*E36+F27*E37+G27*E38+H27*E39+I27*E40+E43 -> 0.12351834 | F80: =B27*F33+C27*F34+D27*F35+E27*F36+F27*F37+G27*F38+H27*F39+I27*F40+F43 -> -0.28210652 | G80: =B27*G33+C27*G34+D27*G35+E27*G36+F27*G37+G27*G38+H27*G39+I27*G40+G43 -> -0.000797884 | H80: =B27*H33+C27*H34+D27*H35+E27*H36+F27*H37+G27*H38+H27*H39+I27*H40+H43 -> -0.20969865 | I80: =B27*I33+C27*I34+D27*I35+E27*I36+F27*I37+G27*I38+H27*I39+I27*I40+I43 -> -0.50887166 | J80: =B27*J33+C27*J34+D27*J35+E27*J36+F27*J37+G27*J38+H27*J39+I27*J40+J43 -> -0.12851869 | K80: =B27*K33+C27*K34+D27*K35+E27*K36+F27*K37+G27*K38+H27*K39+I27*K40+K43 -> 0.2177436 | L80: =B27*L33+C27*L34+D27*L35+E27*L36+F27*L37+G27*L38+H27*L39+I27*L40+L43 -> 0.27377068 | M80: =B27*M33+C27*M34+D27*M35+E27*M36+F27*M37+G27*M38+H27*M39+I27*M40+M43 -> -0.49876103 | N80: =B27*N33+C27*N34+D27*N35+E27*N36+F27*N37+G27*N38+H27*N39+I27*N40+N43 -> 0.38621214 | O80: =B27*O33+C27*O34+D27*O35+E27*O36+F27*O37+G27*O38+H27*O39+I27*O40+O43 -> 0.10161022 | P80: =B27*P33+C27*P34+D27*P35+E27*P36+F27*P37+G27*P38+H27*P39+I27*P40+P43 -> 0.21020013 | Q80: =B27*Q33+C27*Q34+D27*Q35+E27*Q36+F27*Q37+G27*Q38+H27*Q39+I27*Q40+Q43 -> 0.25291498
A83: Hidden (GELU activated)
A84: GELU(x) ≈ x*Φ(x)
B85: G0 | C85: G1 | D85: G2 | E85: G3 | F85: G4 | G85: G5 | H85: G6 | I85: G7 | J85: G8 | K85: G9 | L85: G10 | M85: G11 | N85: G12 | O85: G13 | P85: G14 | Q85: G15
A86: 0 | B86: =B73*NORMSDIST(B73) -> 0.15578368 | C86: =C73*NORMSDIST(C73) -> -0.14177399 | D86: =D73*NORMSDIST(D73) -> -0.017586697 | E86: =E73*NORMSDIST(E73) -> 0.31483988 | F86: =F73*NORMSDIST(F73) -> -0.013899852 | G86: =G73*NORMSDIST(G73) -> 0.039368124 | H86: =H73*NORMSDIST(H73) -> -0.15091192 | I86: =I73*NORMSDIST(I73) -> -0.090578043 | ... Q86: =Q73*NORMSDIST(Q73) -> -0.059621589
A87: 1 | B87: =B74*NORMSDIST(B74) -> 0.14613683 | C87: =C74*NORMSDIST(C74) -> -0.05079592 | D87: =D74*NORMSDIST(D74) -> 0.093104037 | E87: =E74*NORMSDIST(E74) -> 0.3049005 | F87: =F74*NORMSDIST(F74) -> -0.10240573 | G87: =G74*NORMSDIST(G74) -> 0.13268226 | H87: =H74*NORMSDIST(H74) -> -0.080817485 | I87: =I74*NORMSDIST(I74) -> -0.062170363 | ... Q87: =Q74*NORMSDIST(Q74) -> -0.071448751
A88: 2 | B88: =B75*NORMSDIST(B75) -> -0.057502513 | C88: =C75*NORMSDIST(C75) -> 0.017036158 | D88: =D75*NORMSDIST(D75) -> 0.066861526 | E88: =E75*NORMSDIST(E75) -> 0.15617419 | F88: =F75*NORMSDIST(F75) -> -0.12291289 | G88: =G75*NORMSDIST(G75) -> -0.12757294 | H88: =H75*NORMSDIST(H75) -> -0.017046869 | I88: =I75*NORMSDIST(I75) -> -0.047279528 | ... Q88: =Q75*NORMSDIST(Q75) -> -0.015384714
A89: 3 | B89: =B76*NORMSDIST(B76) -> 0.13295625 | C89: =C76*NORMSDIST(C76) -> 0.10096165 | D89: =D76*NORMSDIST(D76) -> -0.021700799 | E89: =E76*NORMSDIST(E76) -> 0.0089319669 | F89: =F76*NORMSDIST(F76) -> -0.073603794 | G89: =G76*NORMSDIST(G76) -> -0.12117417 | H89: =H76*NORMSDIST(H76) -> -0.068580388 | I89: =I76*NORMSDIST(I76) -> -0.1658948 | ... Q89: =Q76*NORMSDIST(Q76) -> 0.19626782
A90: 4 | B90: =B77*NORMSDIST(B77) -> 0.098035325 | C90: =C77*NORMSDIST(C77) -> -0.05112281 | D90: =D77*NORMSDIST(D77) -> -0.031898179 | E90: =E77*NORMSDIST(E77) -> -0.032807254 | F90: =F77*NORMSDIST(F77) -> 0.14227838 | G90: =G77*NORMSDIST(G77) -> 0.19534523 | H90: =H77*NORMSDIST(H77) -> -0.0061578326 | I90: =I77*NORMSDIST(I77) -> -0.15202654 | ... Q90: =Q77*NORMSDIST(Q77) -> -0.070166645
A91: 5 | B91: =B78*NORMSDIST(B78) -> 0.033317079 | C91: =C78*NORMSDIST(C78) -> 0.020186674 | D91: =D78*NORMSDIST(D78) -> -0.10170369 | E91: =E78*NORMSDIST(E78) -> -0.010710461 | F91: =F78*NORMSDIST(F78) -> 0.43426873 | G91: =G78*NORMSDIST(G78) -> -0.060326403 | H91: =H78*NORMSDIST(H78) -> -0.057191044 | I91: =I78*NORMSDIST(I78) -> -0.149534 | ... Q91: =Q78*NORMSDIST(Q78) -> -0.046201242
A92: 6 | B92: =B79*NORMSDIST(B79) -> 0.0031717489 | C92: =C79*NORMSDIST(C79) -> -0.15514874 | D92: =D79*NORMSDIST(D79) -> -0.027569696 | E92: =E79*NORMSDIST(E79) -> 0.11030379 | F92: =F79*NORMSDIST(F79) -> -0.02028098 | G92: =G79*NORMSDIST(G79) -> -0.020325993 | H92: =H79*NORMSDIST(H79) -> -0.099654451 | I92: =I79*NORMSDIST(I79) -> -0.057135835 | ... Q92: =Q79*NORMSDIST(Q79) -> -0.063176489
A93: 7 | B93: =B80*NORMSDIST(B80) -> 0.20446573 | C93: =C80*NORMSDIST(C80) -> 0.1606635 | D93: =D80*NORMSDIST(D80) -> 0.039735695 | E93: =E80*NORMSDIST(E80) -> 0.067830301 | F93: =F80*NORMSDIST(F80) -> -0.10971995 | G93: =G80*NORMSDIST(G80) -> -0.00039868802 | H93: =H80*NORMSDIST(H80) -> -0.087434153 | I93: =I80*NORMSDIST(I80) -> -0.15542014 | ... Q93: =Q80*NORMSDIST(Q80) -> 0.15170676
A96: FFN Output
B97: F0 | C97: F1 | D97: F2 | E97: F3 | F97: F4 | G97: F5 | H97: F6 | I97: F7
A98: 0 | B98: =B86*B47+C86*B48+D86*B49+E86*B50+F86*B51+G86*B52+H86*B53+I86*B54+J86*B55+K86*B56+L86*B57+M86*B58+N86*B59+O86*B60+P86*B61+Q86*B62+B65 -> 0.034136378 | C98: =B86*C47+C86*C48+D86*C49+E86*C50+F86*C51+G86*C52+H86*C53+I86*C54+J86*C55+K86*C56+L86*C57+M86*C58+N86*C59+O86*C60+P86*C61+Q86*C62+C65 -> 0.10326846 | D98: =B86*D47+C86*D48+D86*D49+E86*D50+F86*D51+G86*D52+H86*D53+I86*D54+J86*D55+K86*D56+L86*D57+M86*D58+N86*D59+O86*D60+P86*D61+Q86*D62+D65 -> -0.0035056056 | E98: =B86*E47+C86*E48+D86*E49+E86*E50+F86*E51+G86*E52+H86*E53+I86*E54+J86*E55+K86*E56+L86*E57+M86*E58+N86*E59+O86*E60+P86*E61+Q86*E62+E65 -> -0.051855488 | F98: =B86*F47+C86*F48+D86*F49+E86*F50+F86*F51+G86*F52+H86*F53+I86*F54+J86*F55+K86*F56+L86*F57+M86*F58+N86*F59+O86*F60+P86*F61+Q86*F62+F65 -> -0.0036025218 | G98: =B86*G47+C86*G48+D86*G49+E86*G50+F86*G51+G86*G52+H86*G53+I86*G54+J86*G55+K86*G56+L86*G57+M86*G58+N86*G59+O86*G60+P86*G61+Q86*G62+G65 -> 0.01171952 | H98: =B86*H47+C86*H48+D86*H49+E86*H50+F86*H51+G86*H52+H86*H53+I86*H54+J86*H55+K86*H56+L86*H57+M86*H58+N86*H59+O86*H60+P86*H61+Q86*H62+H65 -> 0.063481601 | I98: =B86*I47+C86*I48+D86*I49+E86*I50+F86*I51+G86*I52+H86*I53+I86*I54+J86*I55+K86*I56+L86*I57+M86*I58+N86*I59+O86*I60+P86*I61+Q86*I62+I65 -> 0.00294002
A99: 1 | B99: =B87*B47+C87*B48+D87*B49+E87*B50+F87*B51+G87*B52+H87*B53+I87*B54+J87*B55+K87*B56+L87*B57+M87*B58+N87*B59+O87*B60+P87*B61+Q87*B62+B65 -> 0.018227964 | C99: =B87*C47+C87*C48+D87*C49+E87*C50+F87*C51+G87*C52+H87*C53+I87*C54+J87*C55+K87*C56+L87*C57+M87*C58+N87*C59+O87*C60+P87*C61+Q87*C62+C65 -> 0.13325946 | D99: =B87*D47+C87*D48+D87*D49+E87*D50+F87*D51+G87*D52+H87*D53+I87*D54+J87*D55+K87*D56+L87*D57+M87*D58+N87*D59+O87*D60+P87*D61+Q87*D62+D65 -> -0.024995433 | E99: =B87*E47+C87*E48+D87*E49+E87*E50+F87*E51+G87*E52+H87*E53+I87*E54+J87*E55+K87*E56+L87*E57+M87*E58+N87*E59+O87*E60+P87*E61+Q87*E62+E65 -> -0.0095566911 | F99: =B87*F47+C87*F48+D87*F49+E87*F50+F87*F51+G87*F52+H87*F53+I87*F54+J87*F55+K87*F56+L87*F57+M87*F58+N87*F59+O87*F60+P87*F61+Q87*F62+F65 -> 0.032312155 | G99: =B87*G47+C87*G48+D87*G49+E87*G50+F87*G51+G87*G52+H87*G53+I87*G54+J87*G55+K87*G56+L87*G57+M87*G58+N87*G59+O87*G60+P87*G61+Q87*G62+G65 -> -0.00080735507 | H99: =B87*H47+C87*H48+D87*H49+E87*H50+F87*H51+G87*H52+H87*H53+I87*H54+J87*H55+K87*H56+L87*H57+M87*H58+N87*H59+O87*H60+P87*H61+Q87*H62+H65 -> 0.048980228 | I99: =B87*I47+C87*I48+D87*I49+E87*I50+F87*I51+G87*I52+H87*I53+I87*I54+J87*I55+K87*I56+L87*I57+M87*I58+N87*I59+O87*I60+P87*I61+Q87*I62+I65 -> 0.010955033
A100: 2 | B100: =B88*B47+C88*B48+D88*B49+E88*B50+F88*B51+G88*B52+H88*B53+I88*B54+J88*B55+K88*B56+L88*B57+M88*B58+N88*B59+O88*B60+P88*B61+Q88*B62+B65 -> 0.085864918 | C100: =B88*C47+C88*C48+D88*C49+E88*C50+F88*C51+G88*C52+H88*C53+I88*C54+J88*C55+K88*C56+L88*C57+M88*C58+N88*C59+O88*C60+P88*C61+Q88*C62+C65 -> 0.039847053 | D100: =B88*D47+C88*D48+D88*D49+E88*D50+F88*D51+G88*D52+H88*D53+I88*D54+J88*D55+K88*D56+L88*D57+M88*D58+N88*D59+O88*D60+P88*D61+Q88*D62+D65 -> -0.023456711 | E100: =B88*E47+C88*E48+D88*E49+E88*E50+F88*E51+G88*E52+H88*E53+I88*E54+J88*E55+K88*E56+L88*E57+M88*E58+N88*E59+O88*E60+P88*E61+Q88*E62+E65 -> -0.033012123 | F100: =B88*F47+C88*F48+D88*F49+E88*F50+F88*F51+G88*F52+H88*F53+I88*F54+J88*F55+K88*F56+L88*F57+M88*F58+N88*F59+O88*F60+P88*F61+Q88*F62+F65 -> -0.045196563 | G100: =B88*G47+C88*G48+D88*G49+E88*G50+F88*G51+G88*G52+H88*G53+I88*G54+J88*G55+K88*G56+L88*G57+M88*G58+N88*G59+O88*G60+P88*G61+Q88*G62+G65 -> -0.012236079 | H100: =B88*H47+C88*H48+D88*H49+E88*H50+F88*H51+G88*H52+H88*H53+I88*H54+J88*H55+K88*H56+L88*H57+M88*H58+N88*H59+O88*H60+P88*H61+Q88*H62+H65 -> 0.005121213 | I100: =B88*I47+C88*I48+D88*I49+E88*I50+F88*I51+G88*I52+H88*I53+I88*I54+J88*I55+K88*I56+L88*I57+M88*I58+N88*I59+O88*I60+P88*I61+Q88*I62+I65 -> -0.0032410006
A101: 3 | B101: =B89*B47+C89*B48+D89*B49+E89*B50+F89*B51+G89*B52+H89*B53+I89*B54+J89*B55+K89*B56+L89*B57+M89*B58+N89*B59+O89*B60+P89*B61+Q89*B62+B65 -> -0.088850225 | C101: =B89*C47+C89*C48+D89*C49+E89*C50+F89*C51+G89*C52+H89*C53+I89*C54+J89*C55+K89*C56+L89*C57+M89*C58+N89*C59+O89*C60+P89*C61+Q89*C62+C65 -> 0.063287381 | D101: =B89*D47+C89*D48+D89*D49+E89*D50+F89*D51+G89*D52+H89*D53+I89*D54+J89*D55+K89*D56+L89*D57+M89*D58+N89*D59+O89*D60+P89*D61+Q89*D62+D65 -> 0.025042477 | E101: =B89*E47+C89*E48+D89*E49+E89*E50+F89*E51+G89*E52+H89*E53+I89*E54+J89*E55+K89*E56+L89*E57+M89*E58+N89*E59+O89*E60+P89*E61+Q89*E62+E65 -> -0.037520449 | F101: =B89*F47+C89*F48+D89*F49+E89*F50+F89*F51+G89*F52+H89*F53+I89*F54+J89*F55+K89*F56+L89*F57+M89*F58+N89*F59+O89*F60+P89*F61+Q89*F62+F65 -> -0.0083488515 | G101: =B89*G47+C89*G48+D89*G49+E89*G50+F89*G51+G89*G52+H89*G53+I89*G54+J89*G55+K89*G56+L89*G57+M89*G58+N89*G59+O89*G60+P89*G61+Q89*G62+G65 -> 0.00016141269 | H101: =B89*H47+C89*H48+D89*H49+E89*H50+F89*H51+G89*H52+H89*H53+I89*H54+J89*H55+K89*H56+L89*H57+M89*H58+N89*H59+O89*H60+P89*H61+Q89*H62+H65 -> 0.041688727 | I101: =B89*I47+C89*I48+D89*I49+E89*I50+F89*I51+G89*I52+H89*I53+I89*I54+J89*I55+K89*I56+L89*I57+M89*I58+N89*I59+O89*I60+P89*I61+Q89*I62+I65 -> 0.02793514
A102: 4 | B102: =B90*B47+C90*B48+D90*B49+E90*B50+F90*B51+G90*B52+H90*B53+I90*B54+J90*B55+K90*B56+L90*B57+M90*B58+N90*B59+O90*B60+P90*B61+Q90*B62+B65 -> -0.095117479 | C102: =B90*C47+C90*C48+D90*C49+E90*C50+F90*C51+G90*C52+H90*C53+I90*C54+J90*C55+K90*C56+L90*C57+M90*C58+N90*C59+O90*C60+P90*C61+Q90*C62+C65 -> 0.12007257 | D102: =B90*D47+C90*D48+D90*D49+E90*D50+F90*D51+G90*D52+H90*D53+I90*D54+J90*D55+K90*D56+L90*D57+M90*D58+N90*D59+O90*D60+P90*D61+Q90*D62+D65 -> -0.071262373 | E102: =B90*E47+C90*E48+D90*E49+E90*E50+F90*E51+G90*E52+H90*E53+I90*E54+J90*E55+K90*E56+L90*E57+M90*E58+N90*E59+O90*E60+P90*E61+Q90*E62+E65 -> 0.076494939 | F102: =B90*F47+C90*F48+D90*F49+E90*F50+F90*F51+G90*F52+H90*F53+I90*F54+J90*F55+K90*F56+L90*F57+M90*F58+N90*F59+O90*F60+P90*F61+Q90*F62+F65 -> 0.062540433 | G102: =B90*G47+C90*G48+D90*G49+E90*G50+F90*G51+G90*G52+H90*G53+I90*G54+J90*G55+K90*G56+L90*G57+M90*G58+N90*G59+O90*G60+P90*G61+Q90*G62+G65 -> 0.024395624 | H102: =B90*H47+C90*H48+D90*H49+E90*H50+F90*H51+G90*H52+H90*H53+I90*H54+J90*H55+K90*H56+L90*H57+M90*H58+N90*H59+O90*H60+P90*H61+Q90*H62+H65 -> 0.082416385 | I102: =B90*I47+C90*I48+D90*I49+E90*I50+F90*I51+G90*I52+H90*I53+I90*I54+J90*I55+K90*I56+L90*I57+M90*I58+N90*I59+O90*I60+P90*I61+Q90*I62+I65 -> -0.026863763
A103: 5 | B103: =B91*B47+C91*B48+D91*B49+E91*B50+F91*B51+G91*B52+H91*B53+I91*B54+J91*B55+K91*B56+L91*B57+M91*B58+N91*B59+O91*B60+P91*B61+Q91*B62+B65 -> 0.038961027 | C103: =B91*C47+C91*C48+D91*C49+E91*C50+F91*C51+G91*C52+H91*C53+I91*C54+J91*C55+K91*C56+L91*C57+M91*C58+N91*C59+O91*C60+P91*C61+Q91*C62+C65 -> 0.050810282 | D103: =B91*D47+C91*D48+D91*D49+E91*D50+F91*D51+G91*D52+H91*D53+I91*D54+J91*D55+K91*D56+L91*D57+M91*D58+N91*D59+O91*D60+P91*D61+Q91*D62+D65 -> -0.088613165 | E103: =B91*E47+C91*E48+D91*E49+E91*E50+F91*E51+G91*E52+H91*E53+I91*E54+J91*E55+K91*E56+L91*E57+M91*E58+N91*E59+O91*E60+P91*E61+Q91*E62+E65 -> 0.039434933 | F103: =B91*F47+C91*F48+D91*F49+E91*F50+F91*F51+G91*F52+H91*F53+I91*F54+J91*F55+K91*F56+L91*F57+M91*F58+N91*F59+O91*F60+P91*F61+Q91*F62+F65 -> -0.077124268 | G103: =B91*G47+C91*G48+D91*G49+E91*G50+F91*G51+G91*G52+H91*G53+I91*G54+J91*G55+K91*G56+L91*G57+M91*G58+N91*G59+O91*G60+P91*G61+Q91*G62+G65 -> -0.031578475 | H103: =B91*H47+C91*H48+D91*H49+E91*H50+F91*H51+G91*H52+H91*H53+I91*H54+J91*H55+K91*H56+L91*H57+M91*H58+N91*H59+O91*H60+P91*H61+Q91*H62+H65 -> 0.026849518 | I103: =B91*I47+C91*I48+D91*I49+E91*I50+F91*I51+G91*I52+H91*I53+I91*I54+J91*I55+K91*I56+L91*I57+M91*I58+N91*I59+O91*I60+P91*I61+Q91*I62+I65 -> -0.027078036
A104: 6 | B104: =B92*B47+C92*B48+D92*B49+E92*B50+F92*B51+G92*B52+H92*B53+I92*B54+J92*B55+K92*B56+L92*B57+M92*B58+N92*B59+O92*B60+P92*B61+Q92*B62+B65 -> -0.065352994 | C104: =B92*C47+C92*C48+D92*C49+E92*C50+F92*C51+G92*C52+H92*C53+I92*C54+J92*C55+K92*C56+L92*C57+M92*C58+N92*C59+O92*C60+P92*C61+Q92*C62+C65 -> 0.034057343 | D104: =B92*D47+C92*D48+D92*D49+E92*D50+F92*D51+G92*D52+H92*D53+I92*D54+J92*D55+K92*D56+L92*D57+M92*D58+N92*D59+O92*D60+P92*D61+Q92*D62+D65 -> 0.0247472 | E104: =B92*E47+C92*E48+D92*E49+E92*E50+F92*E51+G92*E52+H92*E53+I92*E54+J92*E55+K92*E56+L92*E57+M92*E58+N92*E59+O92*E60+P92*E61+Q92*E62+E65 -> -0.036479794 | F104: =B92*F47+C92*F48+D92*F49+E92*F50+F92*F51+G92*F52+H92*F53+I92*F54+J92*F55+K92*F56+L92*F57+M92*F58+N92*F59+O92*F60+P92*F61+Q92*F62+F65 -> 0.011060222 | G104: =B92*G47+C92*G48+D92*G49+E92*G50+F92*G51+G92*G52+H92*G53+I92*G54+J92*G55+K92*G56+L92*G57+M92*G58+N92*G59+O92*G60+P92*G61+Q92*G62+G65 -> 0.049284104 | H104: =B92*H47+C92*H48+D92*H49+E92*H50+F92*H51+G92*H52+H92*H53+I92*H54+J92*H55+K92*H56+L92*H57+M92*H58+N92*H59+O92*H60+P92*H61+Q92*H62+H65 -> 0.057045151 | I104: =B92*I47+C92*I48+D92*I49+E92*I50+F92*I51+G92*I52+H92*I53+I92*I54+J92*I55+K92*I56+L92*I57+M92*I58+N92*I59+O92*I60+P92*I61+Q92*I62+I65 -> -0.044928196
A105: 7 | B105: =B93*B47+C93*B48+D93*B49+E93*B50+F93*B51+G93*B52+H93*B53+I93*B54+J93*B55+K93*B56+L93*B57+M93*B58+N93*B59+O93*B60+P93*B61+Q93*B62+B65 -> 0.052645442 | C105: =B93*C47+C93*C48+D93*C49+E93*C50+F93*C51+G93*C52+H93*C53+I93*C54+J93*C55+K93*C56+L93*C57+M93*C58+N93*C59+O93*C60+P93*C61+Q93*C62+C65 -> 0.066640369 | D105: =B93*D47+C93*D48+D93*D49+E93*D50+F93*D51+G93*D52+H93*D53+I93*D54+J93*D55+K93*D56+L93*D57+M93*D58+N93*D59+O93*D60+P93*D61+Q93*D62+D65 -> -0.05918122 | E105: =B93*E47+C93*E48+D93*E49+E93*E50+F93*E51+G93*E52+H93*E53+I93*E54+J93*E55+K93*E56+L93*E57+M93*E58+N93*E59+O93*E60+P93*E61+Q93*E62+E65 -> 0.01873956 | F105: =B93*F47+C93*F48+D93*F49+E93*F50+F93*F51+G93*F52+H93*F53+I93*F54+J93*F55+K93*F56+L93*F57+M93*F58+N93*F59+O93*F60+P93*F61+Q93*F62+F65 -> -0.009279889 | G105: =B93*G47+C93*G48+D93*G49+E93*G50+F93*G51+G93*G52+H93*G53+I93*G54+J93*G55+K93*G56+L93*G57+M93*G58+N93*G59+O93*G60+P93*G61+Q93*G62+G65 -> -0.023819882 | H105: =B93*H47+C93*H48+D93*H49+E93*H50+F93*H51+G93*H52+H93*H53+I93*H54+J93*H55+K93*H56+L93*H57+M93*H58+N93*H59+O93*H60+P93*H61+Q93*H62+H65 -> 0.017747733 | I105: =B93*I47+C93*I48+D93*I49+E93*I50+F93*I51+G93*I52+H93*I53+I93*I54+J93*I55+K93*I56+L93*I57+M93*I58+N93*I59+O93*I60+P93*I61+Q93*I62+I65 -> 0.083344183
A108: RESIDUAL CONNECTION 2
A109: Attn_Out + FFN_Out
B110: R2_0 | C110: R2_1 | D110: R2_2 | E110: R2_3 | F110: R2_4 | G110: R2_5 | H110: R2_6 | I110: R2_7
A111: 0 | B111: =Attention!B$218+B98 -> -0.13938684 | C111: =Attention!C$218+C98 -> 0.13589858 | D111: =Attention!D$218+D98 -> 0.12471612 | E111: =Attention!E$218+E98 -> -0.035259974 | F111: =Attention!F$218+F98 -> 0.1846679 | G111: =Attention!G$218+G98 -> 0.079999478 | H111: =Attention!H$218+H98 -> -0.10508304 | I111: =Attention!I$218+I98 -> -0.074632638
A112: 1 | B112: =Attention!B$219+B99 -> 0.058240593 | C112: =Attention!C$219+C99 -> 0.16860529 | D112: =Attention!D$219+D99 -> -0.080425246 | E112: =Attention!E$219+E99 -> 0.18516144 | F112: =Attention!F$219+F99 -> 0.32301434 | G112: =Attention!G$219+G99 -> 0.097536471 | H112: =Attention!H$219+H99 -> -0.27568751 | I112: =Attention!I$219+I99 -> -0.21946953
A113: 2 | B113: =Attention!B$220+B100 -> 0.21610012 | C113: =Attention!C$220+C100 -> -0.12181009 | D113: =Attention!D$220+D100 -> 0.12457008 | E113: =Attention!E$220+E100 -> -0.087280803 | F113: =Attention!F$220+F100 -> -0.016197382 | G113: =Attention!G$220+G100 -> -0.21252172 | H113: =Attention!H$220+H100 -> -0.4945255 | I113: =Attention!I$220+I100 -> -0.1283772
A114: 3 | B114: =Attention!B$221+B101 -> -0.080581327 | C114: =Attention!C$221+C101 -> 0.33643626 | D114: =Attention!D$221+D101 -> 0.30418443 | E114: =Attention!E$221+E101 -> -0.052856731 | F114: =Attention!F$221+F101 -> 0.13428008 | G114: =Attention!G$221+G101 -> 0.089687379 | H114: =Attention!H$221+H101 -> 0.14752153 | I114: =Attention!I$221+I101 -> -0.097698414
A115: 4 | B115: =Attention!B$222+B102 -> -0.12850767 | C115: =Attention!C$222+C102 -> 0.16510232 | D115: =Attention!D$222+D102 -> -0.17683584 | E115: =Attention!E$222+E102 -> 0.0080574126 | F115: =Attention!F$222+F102 -> 0.3281588 | G115: =Attention!G$222+G102 -> -0.053147533 | H115: =Attention!H$222+H102 -> 0.07385609 | I115: =Attention!I$222+I102 -> -0.28386245
A116: 5 | B116: =Attention!B$223+B103 -> 0.055503958 | C116: =Attention!C$223+C103 -> 0.11445559 | D116: =Attention!D$223+D103 -> 0.21853617 | E116: =Attention!E$223+E103 -> 0.099941625 | F116: =Attention!F$223+F103 -> 0.19066668 | G116: =Attention!G$223+G103 -> -0.2316256 | H116: =Attention!H$223+H103 -> 0.17116517 | I116: =Attention!I$223+I103 -> 0.040166447
A117: 6 | B117: =Attention!B$224+B104 -> -0.14516549 | C117: =Attention!C$224+C104 -> 0.0034066131 | D117: =Attention!D$224+D104 -> 0.12243261 | E117: =Attention!E$224+E104 -> -0.1309071 | F117: =Attention!F$224+F104 -> 0.23131942 | G117: =Attention!G$224+G104 -> 0.1913338 | H117: =Attention!H$224+H104 -> -0.030393887 | I117: =Attention!I$224+I104 -> -0.12806575
A118: 7 | B118: =Attention!B$225+B105 -> 0.15300106 | C118: =Attention!C$225+C105 -> 0.48806081 | D118: =Attention!D$225+D105 -> 0.16541899 | E118: =Attention!E$225+E105 -> 0.22496744 | F118: =Attention!F$225+F105 -> 0.0741886 | G118: =Attention!G$225+G105 -> 0.00251374 | H118: =Attention!H$225+H105 -> 0.066878059 | I118: =Attention!I$225+I105 -> 0.14770429

Sheet Output
A1: FINAL LAYER NORM | AP1: Prob_Row: | AQ1: 37
AP2: Logits_Row: | AQ2: 31
A3: Gamma (γ): | B3: 1 | C3: 1 | D3: 1 | E3: 1 | F3: 1 | G3: 1 | H3: 1 | I3: 1
A4: Beta (β): | B4: 0 | C4: 0 | D4: 0 | E4: 0 | F4: 0 | G4: 0 | H4: 0 | I4: 0
A6: Statistics (last position only)
A7: Mean: | B7: =AVERAGE(FFN!B118:I118) -> 0.16534162
A8: Variance: | B8: =VARP(FFN!B118:I118) -> 0.019085394
A10: LayerNorm Output (last position)
B11: LN_0 | C11: LN_1 | D11: LN_2 | E11: LN_3 | F11: LN_4 | G11: LN_5 | H11: LN_6 | I11: LN_7
B12: =B3*(FFN!B$118-$B$7)/SQRT($B$8+Config!$B$10)+B4 -> -0.089303978 | C12: =C3*(FFN!C$118-$B$7)/SQRT($B$8+Config!$B$10)+C4 -> 2.3353957 | D12: =D3*(FFN!D$118-$B$7)/SQRT($B$8+Config!$B$10)+D4 -> 0.00055985401 | E12: =E3*(FFN!E$118-$B$7)/SQRT($B$8+Config!$B$10)+E4 -> 0.43148932 | F12: =F3*(FFN!F$118-$B$7)/SQRT($B$8+Config!$B$10)+F4 -> -0.65963967 | G12: =G3*(FFN!G$118-$B$7)/SQRT($B$8+Config!$B$10)+G4 -> -1.1783233 | H12: =H3*(FFN!H$118-$B$7)/SQRT($B$8+Config!$B$10)+H4 -> -0.71254327 | I12: =I3*(FFN!I$118-$B$7)/SQRT($B$8+Config!$B$10)+I4 -> -0.12763466
A15: UNEMBEDDING MATRIX (Embed_Dim × Vocab_Size)
A16: (Tied with token embeddings)
B17: 0 | C17: 1 | D17: 2 | E17: 3 | F17: 4 | G17: 5 | H17: 6 | I17: 7 | J17: 8 | K17: 9 | L17: 10 | M17: 11 | N17: 12 | O17: 13 | P17: 14 | Q17: 15 | R17: 16 | S17: 17 | T17: 18 | U17: 19 | V17: 20 | W17: 21 | X17: 22 | Y17: 23 | Z17: 24 | AA17: 25 | AB17: 26 | AC17: 27 | AD17: 28 | AE17: 29
A18: E0 | B18: =Embeddings!B$3 -> 0.0497 | C18: =Embeddings!B$4 -> -0.0469 | D18: =Embeddings!B$5 -> -0.1013 | E18: =Embeddings!B$6 -> -0.0544 | F18: =Embeddings!B$7 -> -0.0013 | G18: =Embeddings!B$8 -> 0.0738 | H18: =Embeddings!B$9 -> 0.0344 | I18: =Embeddings!B$10 -> -0.0839 | J18: =Embeddings!B$11 -> 0.0813 | K18: =Embeddings!B$12 -> -0.0036 | L18: =Embeddings!B$13 -> -0.022 | M18: =Embeddings!B$14 -> -0.053 | N18: =Embeddings!B$15 -> 0.0296 | O18: =Embeddings!B$16 -> -0.0161 | P18: =Embeddings!B$17 -> 0.006 | Q18: =Embeddings!B$18 -> 0.0791 | R18: =Embeddings!B$19 -> 0.01 | S18: =Embeddings!B$20 -> -0.0783 | T18: =Embeddings!B$21 -> 0.026 | U18: =Embeddings!B$22 -> -0.068 | V18: =Embeddings!B$23 -> -0.0975 | W18: =Embeddings!B$24 -> -0.0245 | X18: =Embeddings!B$25 -> 0.0013 | Y18: =Embeddings!B$26 -> -0.0223 | Z18: =Embeddings!B$27 -> 0.0214 | AA18: =Embeddings!B$28 -> 0.0358 | AB18: =Embeddings!B$29 -> 0.0515 | AC18: =Embeddings!B$30 -> -0.0773 | AD18: =Embeddings!B$31 -> -0.0472 | AE18: =Embeddings!B$32 -> 0.0046
A19: E1 | B19: =Embeddings!C$3 -> -0.0138 | C19: =Embeddings!C$4 -> 0.0543 | D19: =Embeddings!C$5 -> 0.0314 | E19: =Embeddings!C$6 -> 0.0111 | F19: =Embeddings!C$7 -> -0.1058 | G19: =Embeddings!C$8 -> 0.0171 | H19: =Embeddings!C$9 -> -0.1763 | I19: =Embeddings!C$10 -> -0.0309 | J19: =Embeddings!C$11 -> 0.1356 | K19: =Embeddings!C$12 -> 0.1565 | L19: =Embeddings!C$13 -> 0.0357 | M19: =Embeddings!C$14 -> 0.0513 | N19: =Embeddings!C$15 -> 0.0261 | O19: =Embeddings!C$16 -> 0.0404 | P19: =Embeddings!C$17 -> 0.2463 | Q19: =Embeddings!C$18 -> -0.0909 | R19: =Embeddings!C$19 -> -0.0503 | S19: =Embeddings!C$20 -> -0.0322 | T19: =Embeddings!C$21 -> 0.0782 | U19: =Embeddings!C$22 -> 0.0232 | V19: =Embeddings!C$23 -> 0.0787 | W19: =Embeddings!C$24 -> -0.0754 | X19: =Embeddings!C$25 -> 0.1454 | Y19: =Embeddings!C$26 -> 0.0714 | Z19: =Embeddings!C$27 -> -0.1246 | AA19: =Embeddings!C$28 -> 0.0561 | AB19: =Embeddings!C$29 -> 0.3853 | AC19: =Embeddings!C$30 -> -0.0237 | AD19: =Embeddings!C$31 -> 0.1089 | AE19: =Embeddings!C$32 -> -0.0652
A20: E2 | B20: =Embeddings!D$3 -> 0.0648 | C20: =Embeddings!D$4 -> -0.0463 | D20: =Embeddings!D$5 -> -0.0908 | E20: =Embeddings!D$6 -> -0.1151 | F20: =Embeddings!D$7 -> 0.0823 | G20: =Embeddings!D$8 -> -0.0116 | H20: =Embeddings!D$9 -> 0.0324 | I20: =Embeddings!D$10 -> 0.0331 | J20: =Embeddings!D$11 -> -0.0072 | K20: =Embeddings!D$12 -> -0.262 | L20: =Embeddings!D$13 -> 0.1478 | M20: =Embeddings!D$14 -> 0.0097 | N20: =Embeddings!D$15 -> 0.0005 | O20: =Embeddings!D$16 -> 0.1886 | P20: =Embeddings!D$17 -> -0.0192 | Q20: =Embeddings!D$18 -> 0.1403 | R20: =Embeddings!D$19 -> -0.1551 | S20: =Embeddings!D$20 -> 0.0814 | T20: =Embeddings!D$21 -> -0.1237 | U20: =Embeddings!D$22 -> 0.0293 | V20: =Embeddings!D$23 -> 0.1159 | W20: =Embeddings!D$24 -> -0.089 | X20: =Embeddings!D$25 -> -0.0265 | Y20: =Embeddings!D$26 -> 0.0473 | Z20: =Embeddings!D$27 -> 0.0173 | AA20: =Embeddings!D$28 -> 0.1083 | AB20: =Embeddings!D$29 -> 0.0571 | AC20: =Embeddings!D$30 -> -0.0485 | AD20: =Embeddings!D$31 -> 0.0064 | AE20: =Embeddings!D$32 -> 0.2144
A21: E3 | B21: =Embeddings!E$3 -> 0.1523 | C21: =Embeddings!E$4 -> -0.0466 | D21: =Embeddings!E$5 -> -0.1412 | E21: =Embeddings!E$6 -> 0.0376 | F21: =Embeddings!E$7 -> -0.1221 | G21: =Embeddings!E$8 -> -0.0301 | H21: =Embeddings!E$9 -> -0.0385 | I21: =Embeddings!E$10 -> 0.0976 | J21: =Embeddings!E$11 -> 0.1004 | K21: =Embeddings!E$12 -> 0.0822 | L21: =Embeddings!E$13 -> -0.0518 | M21: =Embeddings!E$14 -> 0.0969 | N21: =Embeddings!E$15 -> -0.0235 | O21: =Embeddings!E$16 -> 0.0175 | P21: =Embeddings!E$17 -> 0.0302 | Q21: =Embeddings!E$18 -> -0.1402 | R21: =Embeddings!E$19 -> 0.0069 | S21: =Embeddings!E$20 -> -0.1231 | T21: =Embeddings!E$21 -> -0.132 | U21: =Embeddings!E$22 -> -0.0714 | V21: =Embeddings!E$23 -> -0.0821 | W21: =Embeddings!E$24 -> -0.0816 | X21: =Embeddings!E$25 -> 0.272 | Y21: =Embeddings!E$26 -> -0.0073 | Z21: =Embeddings!E$27 -> 0.0385 | AA21: =Embeddings!E$28 -> 0.1054 | AB21: =Embeddings!E$29 -> 0.1136 | AC21: =Embeddings!E$30 -> 0.0082 | AD21: =Embeddings!E$31 -> -0.1078 | AE21: =Embeddings!E$32 -> 0.0634
A22: E4 | B22: =Embeddings!F$3 -> -0.0234 | C22: =Embeddings!F$4 -> 0.0242 | D22: =Embeddings!F$5 -> 0.1466 | E22: =Embeddings!F$6 -> -0.0601 | F22: =Embeddings!F$7 -> 0.0209 | G22: =Embeddings!F$8 -> -0.1479 | H22: =Embeddings!F$9 -> -0.0677 | I22: =Embeddings!F$10 -> -0.0479 | J22: =Embeddings!F$11 -> 0.0362 | K22: =Embeddings!F$12 -> 0.0087 | L22: =Embeddings!F$13 -> -0.0808 | M22: =Embeddings!F$14 -> -0.0702 | N22: =Embeddings!F$15 -> -0.1415 | O22: =Embeddings!F$16 -> 0.0258 | P22: =Embeddings!F$17 -> -0.0035 | Q22: =Embeddings!F$18 -> 0.0587 | R22: =Embeddings!F$19 -> -0.1062 | S22: =Embeddings!F$20 -> 0.0227 | T22: =Embeddings!F$21 -> 0.0522 | U22: =Embeddings!F$22 -> 0.1866 | V22: =Embeddings!F$23 -> 0.0963 | W22: =Embeddings!F$24 -> -0.0077 | X22: =Embeddings!F$25 -> 0.0626 | Y22: =Embeddings!F$26 -> -0.0847 | Z22: =Embeddings!F$27 -> -0.0884 | AA22: =Embeddings!F$28 -> -0.1378 | AB22: =Embeddings!F$29 -> 0.0954 | AC22: =Embeddings!F$30 -> 0.2315 | AD22: =Embeddings!F$31 -> -0.0715 | AE22: =Embeddings!F$32 -> -0.2025
A23: E5 | B23: =Embeddings!G$3 -> -0.0234 | C23: =Embeddings!G$4 -> -0.1913 | D23: =Embeddings!G$5 -> -0.0226 | E23: =Embeddings!G$6 -> -0.0292 | F23: =Embeddings!G$7 -> -0.196 | G23: =Embeddings!G$8 -> -0.072 | H23: =Embeddings!G$9 -> 0.0612 | I23: =Embeddings!G$10 -> -0.0186 | J23: =Embeddings!G$11 -> -0.0645 | K23: =Embeddings!G$12 -> -0.0299 | L23: =Embeddings!G$13 -> -0.0502 | M23: =Embeddings!G$14 -> -0.0328 | N23: =Embeddings!G$15 -> -0.0421 | O23: =Embeddings!G$16 -> -0.0074 | P23: =Embeddings!G$17 -> -0.1169 | Q23: =Embeddings!G$18 -> 0.219 | R23: =Embeddings!G$19 -> 0.0474 | S23: =Embeddings!G$20 -> 0.1307 | T23: =Embeddings!G$21 -> 0.0297 | U23: =Embeddings!G$22 -> 0.0474 | V23: =Embeddings!G$23 -> 0.0413 | W23: =Embeddings!G$24 -> 0.0341 | X23: =Embeddings!G$25 -> -0.0857 | Y23: =Embeddings!G$26 -> -0.1515 | Z23: =Embeddings!G$27 -> 0.0154 | AA23: =Embeddings!G$28 -> -0.0938 | AB23: =Embeddings!G$29 -> 0.0651 | AC23: =Embeddings!G$30 -> -0.1867 | AD23: =Embeddings!G$31 -> 0.068 | AE23: =Embeddings!G$32 -> 0.0186
A24: E6 | B24: =Embeddings!H$3 -> 0.1579 | C24: =Embeddings!H$4 -> -0.1725 | D24: =Embeddings!H$5 -> 0.0068 | E24: =Embeddings!H$6 -> -0.0602 | F24: =Embeddings!H$7 -> -0.1328 | G24: =Embeddings!H$8 -> -0.0461 | H24: =Embeddings!H$9 -> 0.1031 | I24: =Embeddings!H$10 -> -0.1106 | J24: =Embeddings!H$11 -> 0.0361 | K24: =Embeddings!H$12 -> 0.0092 | L24: =Embeddings!H$13 -> 0.0915 | M24: =Embeddings!H$14 -> -0.0392 | N24: =Embeddings!H$15 -> -0.0343 | O24: =Embeddings!H$16 -> -0.1919 | P24: =Embeddings!H$17 -> 0.1143 | Q24: =Embeddings!H$18 -> -0.0991 | R24: =Embeddings!H$19 -> -0.0919 | S24: =Embeddings!H$20 -> -0.1607 | T24: =Embeddings!H$21 -> 0.025 | U24: =Embeddings!H$22 -> -0.1191 | V24: =Embeddings!H$23 -> 0.0822 | W24: =Embeddings!H$24 -> 0.0277 | X24: =Embeddings!H$25 -> -0.1071 | Y24: =Embeddings!H$26 -> -0.0447 | Z24: =Embeddings!H$27 -> 0.0058 | AA24: =Embeddings!H$28 -> 0.0515 | AB24: =Embeddings!H$29 -> -0.0315 | AC24: =Embeddings!H$30 -> 0.0686 | AD24: =Embeddings!H$31 -> -0.073 | AE24: =Embeddings!H$32 -> -0.0662
A25: E7 | B25: =Embeddings!I$3 -> 0.0767 | C25: =Embeddings!I$4 -> -0.0562 | D25: =Embeddings!I$5 -> -0.1425 | E25: =Embeddings!I$6 -> 0.1852 | F25: =Embeddings!I$7 -> 0.0197 | G25: =Embeddings!I$8 -> 0.1057 | H25: =Embeddings!I$9 -> 0.0931 | I25: =Embeddings!I$10 -> -0.1196 | J25: =Embeddings!I$11 -> 0.1538 | K25: =Embeddings!I$12 -> -0.1988 | L25: =Embeddings!I$13 -> 0.0329 | M25: =Embeddings!I$14 -> -0.1464 | N25: =Embeddings!I$15 -> -0.0802 | O25: =Embeddings!I$16 -> -0.0027 | P25: =Embeddings!I$17 -> 0.0752 | Q25: =Embeddings!I$18 -> -0.0566 | R25: =Embeddings!I$19 -> 0.155 | S25: =Embeddings!I$20 -> 0.0185 | T25: =Embeddings!I$21 -> 0.0346 | U25: =Embeddings!I$22 -> 0.0657 | V25: =Embeddings!I$23 -> 0.1897 | W25: =Embeddings!I$24 -> 0.0827 | X25: =Embeddings!I$25 -> 0.0482 | Y25: =Embeddings!I$26 -> 0.0856 | Z25: =Embeddings!I$27 -> -0.1143 | AA25: =Embeddings!I$28 -> 0.0514 | AB25: =Embeddings!I$29 -> 0.0759 | AC25: =Embeddings!I$30 -> -0.1613 | AD25: =Embeddings!I$31 -> 0.0216 | AE25: =Embeddings!I$32 -> 0.0852
A28: LOGITS (LN_out @ Unembed)
B30: a | C30: b | D30: c | E30: d | F30: e | G30: f | H30: g | I30: h | J30: i | K30: j | L30: k | M30: l | N30: m | O30: n | P30: o | Q30: p | R30: q | S30: r | T30: s | U30: t | V30: u | W30: v | X30: w | Y30: x | Z30: y | AA30: z | AB30: _ | AC30: . | AD30: , | AE30: \n
A31: Logit | B31: =B12*B18+C12*B19+D12*B20+E12*B21+F12*B22+G12*B23+H12*B24+I12*B25 -> -0.050206594 | C31: =B12*C18+C12*C19+D12*C20+E12*C21+F12*C22+G12*C23+H12*C24+I12*C25 -> 0.45040377 | D31: =B12*D18+C12*D19+D12*D20+E12*D21+F12*D22+G12*D23+H12*D24+I12*D25 -> -0.035329632 | E31: =B12*E18+C12*E19+D12*E20+E12*E21+F12*E22+G12*E23+H12*E24+I12*E25 -> 0.14024914 | F31: =B12*F18+C12*F19+D12*F20+E12*F21+F12*F22+G12*F23+H12*F24+I12*F25 -> 0.0096687005 | G31: =B12*G18+C12*G19+D12*G20+E12*G21+F12*G22+G12*G23+H12*G24+I12*G25 -> 0.22210756 | H31: =B12*H18+C12*H19+D12*H20+E12*H21+F12*H22+G12*H23+H12*H24+I12*H25 -> -0.5441983 | I31: =B12*I18+C12*I19+D12*I20+E12*I21+F12*I22+G12*I23+H12*I24+I12*I25 -> 0.12504671 | J31: =B12*J18+C12*J19+D12*J20+E12*J21+F12*J22+G12*J23+H12*J24+I12*J25 -> 0.35950662 | K31: =B12*K18+C12*K19+D12*K20+E12*K21+F12*K22+G12*K23+H12*K24+I12*K25 -> 0.44944404 | L31: =B12*L18+C12*L19+D12*L20+E12*L21+F12*L22+G12*L23+H12*L24+I12*L25 -> 0.10612374 | M31: =B12*M18+C12*M19+D12*M20+E12*M21+F12*M22+G12*M23+H12*M24+I12*M25 -> 0.29792878 | N31: =B12*N18+C12*N19+D12*N20+E12*N21+F12*N22+G12*N23+H12*N24+I12*N25 -> 0.22579367 | O31: =B12*O18+C12*O19+D12*O20+E12*O21+F12*O22+G12*O23+H12*O24+I12*O25 -> 0.23222699 | P31: =B12*P18+C12*P19+D12*P20+E12*P21+F12*P22+G12*P23+H12*P24+I12*P25 -> 0.63670528 | Q31: =B12*Q18+C12*Q19+D12*Q20+E12*Q21+F12*Q22+G12*Q23+H12*Q24+I12*Q25 -> -0.49870416 | R31: =B12*R18+C12*R19+D12*R20+E12*R21+F12*R22+G12*R23+H12*R24+I12*R25 -> -0.055572439 | S31: =B12*S18+C12*S19+D12*S20+E12*S21+F12*S22+G12*S23+H12*S24+I12*S25 -> -0.17811422 | T31: =B12*T18+C12*T19+D12*T20+E12*T21+F12*T22+G12*T23+H12*T24+I12*T25 -> 0.031621064 | U31: =B12*U18+C12*U19+D12*U20+E12*U21+F12*U22+G12*U23+H12*U24+I12*U25 -> -0.073001064 | V31: =B12*V18+C12*V19+D12*V20+E12*V21+F12*V22+G12*V23+H12*V24+I12*V25 -> -0.03782901 | W31: =B12*W18+C12*W19+D12*W20+E12*W21+F12*W22+G12*W23+H12*W24+I12*W25 -> -0.27455468 | X31: =B12*X18+C12*X19+D12*X20+E12*X21+F12*X22+G12*X23+H12*X24+I12*X25 -> 0.58665096 | Y31: =B12*Y18+C12*Y19+D12*Y20+E12*Y21+F12*Y22+G12*Y23+H12*Y24+I12*Y25 -> 0.42092796 | Z31: =B12*Z18+C12*Z19+D12*Z20+E12*Z21+F12*Z22+G12*Z23+H12*Z24+I12*Z25 -> -0.22565753 | AA31: =B12*AA18+C12*AA19+D12*AA20+E12*AA21+F12*AA22+G12*AA23+H12*AA24+I12*AA25 -> 0.3315269 | AB31: =B12*AB18+C12*AB19+D12*AB20+E12*AB21+F12*AB22+G12*AB23+H12*AB24+I12*AB25 -> 0.81739714 | AC31: =B12*AC18+C12*AC19+D12*AC20+E12*AC21+F12*AC22+G12*AC23+H12*AC24+I12*AC25 -> -0.0059412424 | AD31: =B12*AD18+C12*AD19+D12*AD20+E12*AD21+F12*AD22+G12*AD23+H12*AD24+I12*AD25 -> 0.22832578 | AE31: =B12*AE18+C12*AE19+D12*AE20+E12*AE21+F12*AE22+G12*AE23+H12*AE24+I12*AE25 -> 0.022753968
A34: PROBABILITIES (Softmax)
B36: a | C36: b | D36: c | E36: d | F36: e | G36: f | H36: g | I36: h | J36: i | K36: j | L36: k | M36: l | N36: m | O36: n | P36: o | Q36: p | R36: q | S36: r | T36: s | U36: t | V36: u | W36: v | X36: w | Y36: x | Z36: y | AA36: z | AB36: _ | AC36: . | AD36: , | AE36: \n
A37: Prob | B37: =EXP(B31)/SUMPRODUCT(EXP(B31:AE31)) -> 0.026716636 | C37: =EXP(C31)/SUMPRODUCT(EXP(B31:AE31)) -> 0.04407518 | D37: =EXP(D31)/SUMPRODUCT(EXP(B31:AE31)) -> 0.02711707 | E37: =EXP(E31)/SUMPRODUCT(EXP(B31:AE31)) -> 0.032321808 | F37: =EXP(F31)/SUMPRODUCT(EXP(B31:AE31)) -> 0.028365163 | G37: =EXP(G31)/SUMPRODUCT(EXP(B31:AE31)) -> 0.035078928 | H37: =EXP(H31)/SUMPRODUCT(EXP(B31:AE31)) -> 0.016302113 | I37: =EXP(I31)/SUMPRODUCT(EXP(B31:AE31)) -> 0.031834154 | J37: =EXP(J31)/SUMPRODUCT(EXP(B31:AE31)) -> 0.040245559 | K37: =EXP(K31)/SUMPRODUCT(EXP(B31:AE31)) -> 0.0440329 | L37: =EXP(L31)/SUMPRODUCT(EXP(B31:AE31)) -> 0.031237421 | M37: =EXP(M31)/SUMPRODUCT(EXP(B31:AE31)) -> 0.037842084 | N37: =EXP(N31)/SUMPRODUCT(EXP(B31:AE31)) -> 0.035208471 | O37: =EXP(O31)/SUMPRODUCT(EXP(B31:AE31)) -> 0.035435709 | P37: =EXP(P31)/SUMPRODUCT(EXP(B31:AE31)) -> 0.053101136 | Q37: =EXP(Q31)/SUMPRODUCT(EXP(B31:AE31)) -> 0.017060893 | R37: =EXP(R31)/SUMPRODUCT(EXP(B31:AE31)) -> 0.026573663 | S37: =EXP(S31)/SUMPRODUCT(EXP(B31:AE31)) -> 0.023508894 | T37: =EXP(T31)/SUMPRODUCT(EXP(B31:AE31)) -> 0.02899473 | U37: =EXP(U31)/SUMPRODUCT(EXP(B31:AE31)) -> 0.026114533 | V37: =EXP(V31)/SUMPRODUCT(EXP(B31:AE31)) -> 0.027049378 | W37: =EXP(W31)/SUMPRODUCT(EXP(B31:AE31)) -> 0.021347579 | X37: =EXP(X31)/SUMPRODUCT(EXP(B31:AE31)) -> 0.050508619 | Y37: =EXP(Y31)/SUMPRODUCT(EXP(B31:AE31)) -> 0.042794988 | Z37: =EXP(Z31)/SUMPRODUCT(EXP(B31:AE31)) -> 0.022417357 | AA37: =EXP(AA31)/SUMPRODUCT(EXP(B31:AE31)) -> 0.039135107 | AB37: =EXP(AB31)/SUMPRODUCT(EXP(B31:AE31)) -> 0.063617601 | AC37: =EXP(AC31)/SUMPRODUCT(EXP(B31:AE31)) -> 0.027925822 | AD37: =EXP(AD31)/SUMPRODUCT(EXP(B31:AE31)) -> 0.035297736 | AE37: =EXP(AE31)/SUMPRODUCT(EXP(B31:AE31)) -> 0.028738768
A40: PREDICTION
A42: Predicted ID: | B42: =MATCH(MAX(B37:AE37),B37:AE37,0)-1 -> 26
A43: Predicted Char: | B43: =INDEX(Vocab!B$3:B$32,$B$42+1)
A44: Max Probability: | B44: =MAX(B37:AE37) -> 0.063617601
A46: Target ID: | B46: =Corpus!L$6 -> 18
A47: Target Char: | B47: =INDEX(Vocab!B$3:B$32,$B$46+1) -> s

Sheet Loss
A1: CROSS-ENTROPY LOSS
A3: Cross-Entropy Loss = -log(P(target))
A5: Target Token ID: | B5: =Corpus!L$6 -> 18
A7: Probability of Target: | B7: =INDEX(Output!$B$37:$AE$37,1,$B$5+1) -> 0.02899473
A9: Cross-Entropy Loss: | B9: =-LN($B$7) -> 3.5406412
A11: Note: Lower loss = better prediction
A14: ADDITIONAL METRICS
A16: Perplexity: | B16: =EXP($B$9) -> 34.489026
A17: Correct Prediction: | B17: =IF(Output!$B$42=$B$5,"YES","NO") -> NO

Sheet Gradients
A1: GRADIENT COMPUTATION
A3: Method: Numerical Differentiation
A4: ∂L/∂w ≈ (L(w+ε) - L(w-ε)) / (2ε)
A6: Epsilon (ε): | B6: 0.001
A8: Current Loss: | B8: =Loss!$B$9 -> 3.5406412
A10: HOW TO COMPUTE GRADIENTS MANUALLY:
A12: 1. Note the current loss value above
A13: 2. Go to a weight you want to update (e.g., Embeddings token weight)
A14: 3. Add epsilon (0.001) to the weight
A15: 4. Record the new loss (L+)
A16: 5. Subtract 2*epsilon from the weight (original - epsilon)
A17: 6. Record the new loss (L-)
A18: 7. Gradient = (L+ - L-) / (2 * epsilon)
A19: 8. Restore the weight to its original value
A20: 9. Use gradient in Train sheet to update weight
A24: SAMPLE GRADIENT WORKSHEET
A26: Weight Location: | B26: Embeddings!B3
A27: Original Value: | B27: =INDIRECT($B$26) -> 0.0497
A28: L+ (w + ε):
A29: L- (w - ε):
A30: Gradient: | B30: =IF(AND($B$28<>"",$B$29<>""),($B$28-$B$29)/(2*$B$6),"")
A32: Updated Weight: | B32: =IF($B$30<>"", $B$27 - Config!$B$9*$B$30, "")

Sheet Train
A1: TRAINING - WEIGHT UPDATES
A3: Learning Rate: | B3: =Config!$B$9 -> 0.01
A4: Current Example: | B4: =Config!$B$11 -> 1
A5: Current Loss: | B5: =Loss!$B$9 -> 3.5406412
A8: TRAINING PROCEDURE
A10: Step 1: Run forward pass (automatic via formulas)
A11: Step 2: Check Loss sheet for current loss
A12: Step 3: For each weight you want to update:
A13: a. Go to Gradients sheet
A14: b. Enter weight cell reference
A15: c. Compute gradient by perturbing weight
A16: d. Calculate: new_weight = old_weight - lr * gradient
A17: Step 4: Update weight in original location
A18: Step 5: Change Example_ID in Config to next example
A19: Step 6: Repeat for all examples (one epoch)
A21: TIP: Focus on output layer weights first,
... A28: Weight Cell:
A29: Current Value: | B29: =IF($B$28<>"",INDIRECT($B$28),"")
A30: Gradient:
A31: New Value: | B31: =IF(AND($B$28<>"",$B$30<>""),$B$29-$B$3*$B$30,"")
A33: Copy the New Value and paste into the Weight Cell
A36: TRAINING LOG
A38: Epoch | B38: Example | C38: Loss | D38: Notes

Sheet Generate
A1: TEXT GENERATION
A3: Enter your prompt below (up to 8 characters):
A5: Prompt: | B5: the cat
A7: Tokenized Prompt:
A8: Pos 0 | B8: Pos 1 | C8: Pos 2 | D8: Pos 3 | E8: Pos 4 | F8: Pos 5 | G8: Pos 6 | H8: Pos 7
A9: =MID($B$5,1,1) -> t | B9: =MID($B$5,2,1) -> h | C9: =MID($B$5,3,1) -> e | D9: =MID($B$5,4,1) | E9: =MID($B$5,5,1) -> c | F9: =MID($B$5,6,1) -> a | G9: =MID($B$5,7,1) -> t | H9: =MID($B$5,8,1)
A10: =IFERROR(MATCH(A9,Vocab!$B$3:$B$32,0)-1,26) -> 19 | B10: =IFERROR(MATCH(B9,Vocab!$B$3:$B$32,0)-1,26) -> 7 | C10: =IFERROR(MATCH(C9,Vocab!$B$3:$B$32,0)-1,26) -> 4 | D10: =IFERROR(MATCH(D9,Vocab!$B$3:$B$32,0)-1,26) -> 26 | E10: =IFERROR(MATCH(E9,Vocab!$B$3:$B$32,0)-1,26) -> 2 | F10: =IFERROR(MATCH(F9,Vocab!$B$3:$B$32,0)-1,26) -> 0 | G10: =IFERROR(MATCH(G9,Vocab!$B$3:$B$32,0)-1,26) -> 19 | H10: =IFERROR(MATCH(H9,Vocab!$B$3:$B$32,0)-1,26) -> 26
A12: To generate text:
A13: 1. Enter a prompt in B5 (exactly 8 characters, use spaces to pad)
A14: 2. Copy the token IDs above to Corpus row 6 (columns D-K)
A15: 3. Check Output sheet for the predicted next character
A16: 4. Add the predicted character to your prompt
A17: 5. Repeat to generate more text
A19: Note: The model uses the Corpus!D6:K6 cells for input.
A20: You can also directly edit those cells with token IDs.
A24: CURRENT PREDICTION
A26: Predicted Character: | B26: =Output!$B$43
A27: Confidence: | B27: =Output!$B$44 -> 0.063617601
A30: TOP 5 PREDICTIONS
A31: Rank | B31: Character | C31: Probability
A32: 1 | B32: =INDEX(Vocab!$B$3:$B$32,MATCH(LARGE(Output!$B$37:$AE$37,1),Output!$B$37:$AE$37,0)) | C32: =LARGE(Output!$B$37:$AE$37,1) -> 0.063617601
A33: 2 | B33: =INDEX(Vocab!$B$3:$B$32,MATCH(LARGE(Output!$B$37:$AE$37,2),Output!$B$37:$AE$37,0)) -> o | C33: =LARGE(Output!$B$37:$AE$37,2) -> 0.053101136
A34: 3 | B34: =INDEX(Vocab!$B$3:$B$32,MATCH(LARGE(Output!$B$37:$AE$37,3),Output!$B$37:$AE$37,0)) -> w | C34: =LARGE(Output!$B$37:$AE$37,3) -> 0.050508619
A35: 4 | B35: =INDEX(Vocab!$B$3:$B$32,MATCH(LARGE(Output!$B$37:$AE$37,4),Output!$B$37:$AE$37,0)) -> b | C35: =LARGE(Output!$B$37:$AE$37,4) -> 0.04407518
A36: 5 | B36: =INDEX(Vocab!$B$3:$B$32,MATCH(LARGE(Output!$B$37:$AE$37,5),Output!$B$37:$AE$37,0)) -> j | C36: =LARGE(Output!$B$37:$AE$37,5) -> 0.0440329
